id,theme,provenance,assertion,categorie,attribution,date_faits,lieu,sources,nb_sources_independantes,incertitude,centrale,verification,commentaire_verification,notes,ref_brute
A001,bio_jeunesse,claude_cloud_extraits_moteur_non_lus,Xavier Pierre Marie Dupont de Ligonnès est né le 9 janvier 1961 à Versailles (Yvelines).,FAIT_DOCUMENTE,"Concordance de la presse (JDD, Europe 1, CNews), des encyclopédies et des généalogies",1961-01-09,Versailles,S030; S031; S044; S029; S045,3,moyenne,True,,,"Concordance totale, mais aucune page lue. À confirmer sur un document officiel (avis de recherche de 2011, notice Interpol) avant d'écrire « documenté officiellement ». Les prénoms « Pierre Marie » ne viennent que de Wikipedia EN et d'une généalogie.",A-bio_jeunesse-01
A002,bio_jeunesse,claude_cloud_extraits_moteur_non_lus,"Son père, Bernard-Hubert (dit Hubert) Dupont de Ligonnès, né le 7 novembre 1931, était ingénieur ; il est mort le 20 janvier 2011, moins de trois mois avant les faits de Nantes.",FAIT_DOCUMENTE,"Wikipedia EN, généalogies, police-scientifique.com (décès en janvier 2011)",1931-11-07 ; 2011-01-20,,S031; S044; S047,2,moyenne,True,,,Spécialité et école divergentes (voir contradictions). Décès : janvier 2011 selon deux extraits ; date du jour seulement dans Wikipedia EN. Inhumé en Lozère selon police-scientifique.com (mono-source).,A-bio_jeunesse-02
A003,bio_jeunesse,claude_cloud_extraits_moteur_non_lus,"Sa mère est Geneviève Dupont de Ligonnès, née Maître (Geneviève Thérèse Maître), née vers 1930-1931.",FAIT_DOCUMENTE,"Wikipedia EN, généalogies ; France 3 (80 ans en 2011)",vers 1930,,S031; S044; S019,2,moyenne,True,,,"Année de naissance : 1930 selon une généalogie, environ 1931 d'après l'âge donné par France 3 en 2011. Aucune information trouvée sur sa profession.",A-bio_jeunesse-03
A004,bio_jeunesse,claude_cloud_extraits_moteur_non_lus,"Xavier a deux sœurs, Véronique et Christine (la cadette, mariée à Bertram de Verdun) ; il est le seul garçon de la fratrie.",FAIT_DOCUMENTE,"JDD (2011), Wikipédia, éditeur du livre de Christine (2024)",,Versailles,S016; S030; S040; S041,2,moyenne,True,,,"Ordre de naissance de Véronique non établi. Un extrait isolé laissait entendre qu'il y aurait trois frères et sœurs (résumé confus, non retenu). Selon un extrait JDD non vérifié, Véronique aurait vécu en Afrique.",A-bio_jeunesse-04
A005,bio_jeunesse,claude_cloud_extraits_moteur_non_lus,"Il est issu d'une famille catholique pratiquante d'ancienne noblesse (lignée comptant des officiers et des ecclésiastiques), installée à Versailles.",FAIT_DOCUMENTE,"JDD (2011), Europe 1 (2011), généalogies",,Versailles,S016; S029; S044,2,moyenne,True,,,« Aristocratique » est une qualification journalistique ; pas de titre nobiliaire vérifié (la mère est parfois appelée « comtesse » dans des sites secondaires : non retenu).,A-bio_jeunesse-05
A006,bio_jeunesse,claude_cloud_extraits_moteur_non_lus,"Parmi ses ascendants figure Édouard du Pont de Ligonnès (1797-1877), époux de Sophie de Lamartine, sœur du poète Alphonse de Lamartine ; leur plus jeune fils, Charles, fut évêque de Rodez.",FAIT_DOCUMENTE,"Généalogies collaboratives, Wikipedia EN",1797-1877,,S044; S031,1,moyenne,False,,,"Sources généalogiques non académiques ; lien de filiation exact avec Xavier non détaillé. À vérifier (notice épiscopale de Rodez, généalogie publiée).",A-bio_jeunesse-06
A007,bio_jeunesse,claude_cloud_extraits_moteur_non_lus,"Enfant, il a grandi avec ses deux sœurs dans un appartement de la rue du Maréchal-Foch, à Versailles.",RECONSTRUCTION_ENQUETE,"Reconstruction journalistique du JDD (2011), reprise par Wikipédia ; enquête de presse, non judiciaire",années 1960-1970,"Versailles, rue du Maréchal-Foch",S016; S030,1,moyenne,True,,,Wikipédia dérive probablement de la presse : une seule origine. Catégorie par défaut pour un fait rapporté par un seul média.,A-bio_jeunesse-07
A008,bio_jeunesse,claude_cloud_extraits_moteur_non_lus,"Son père a quitté le foyer familial quand Xavier avait une dizaine d'années ; parti vers l'Afrique, il y aurait travaillé dans l'import-export.",RECONSTRUCTION_ENQUETE,"Presse (JDD 2011 et 2026, CNews 2026), Wikipédia, police-scientifique.com",vers 1971-1972,Versailles ; Afrique (pays non précisé),S016; S007; S045; S031; S047,2,moyenne,True,,,"Âge divergent (10 ou 11 ans, voir contradictions). Aucune date de séparation ou de divorce légal trouvée. Pays africain non précisé.",A-bio_jeunesse-08
A009,bio_jeunesse,claude_cloud_extraits_moteur_non_lus,"Le père est décrit comme un « play-boy » aventurier, chaleureux, aimant la vie, les femmes et l'aventure ; selon un article, Xavier en aurait souffert mais serait resté assez proche de lui.",TEMOIGNAGE_RAPPORTE,"Proche(s) cité(s) par le JDD (2026) et d'autres articles ; auteur exact du témoignage non identifié (Stabenrath probable, non vérifié)",années 1970-2011,,S007; S016,1,forte,False,,,Formulations connues par un résumé en anglais : ne pas citer entre guillemets sans relecture. Ne pas en tirer de causalité psychologique.,A-bio_jeunesse-09
A010,bio_jeunesse,claude_cloud_extraits_moteur_non_lus,"Après le départ du père, la famille aurait connu des difficultés financières liées aux dettes de celui-ci, Xavier devenant le seul homme du foyer.",RECONSTRUCTION_ENQUETE,Reconstruction de presse relayée par Wikipédia (source primaire non identifiée),années 1970,Versailles,S030,1,forte,False,,,"Mono-source encyclopédique. L'« impact » psychologique attribué à cet abandon relève de l'interprétation (HYPOTHESE), à ne pas reprendre sans auteur identifié.",A-bio_jeunesse-10
A011,bio_jeunesse,claude_cloud_extraits_moteur_non_lus,"Geneviève Dupont de Ligonnès a fondé et animé un groupe de prière fermé appelé « Philadelphie », parfois « Le Jardin », présent entre Versailles et le nord de la Bretagne.",FAIT_DOCUMENTE,"Miviludes (Georges Fenech, 2011) via Europe 1 et France 3 ; Unadfi ; JDD ; CNews",1960 ou années 1970 (divergence),Versailles ; nord de la Bretagne,S020; S021; S019; S023; S018; S022,3,moyenne,True,,,"L'existence du groupe est concordante (instance publique + presse + association). Date de fondation divergente (voir contradictions). Ne pas confondre avec le mouvement dit « Église de Philadelphie », distinct selon Fenech.",A-bio_jeunesse-11
A012,bio_jeunesse,claude_cloud_extraits_moteur_non_lus,"En 2011, la Miviludes a qualifié Philadelphie de « groupe de prière fermé » présentant des « risques de dérives sectaires », sans le classer officiellement comme secte.",FAIT_DOCUMENTE,"Georges Fenech, président de la Miviludes, cité par Europe 1 et France 3",2011,,S020; S021; S019,2,moyenne,True,,,"Déclaration publique d'une mission interministérielle, connue via la presse. Trouver la déclaration d'origine (interview radio, communiqué) pour la date exacte.",A-bio_jeunesse-12
A013,bio_jeunesse,claude_cloud_extraits_moteur_non_lus,"Selon Georges Fenech, Xavier enfant a « très certainement » baigné dans une atmosphère mystique très fervente et probablement anxiogène.",HYPOTHESE,"Georges Fenech (Miviludes), Europe 1, 2011",années 1960-1970,,S021,1,moyenne,False,,,"Interprétation d'un responsable public, pas un constat. Formulation connue par un résumé anglais : à relire avant toute citation.",A-bio_jeunesse-13
A014,bio_jeunesse,claude_cloud_extraits_moteur_non_lus,"Geneviève affirmait recevoir des messages divins, qu'elle recopiait dans des cahiers et distribuait à ses proches ; au sein du groupe, elle était surnommée « Violette » et chaque membre portait un nom de fleur.",TEMOIGNAGE_RAPPORTE,"Membre ou proche du groupe entendu par les enquêteurs en 2011 (via France 3) ; ex-membres (via JDD, Slate)",1960-2011,,S017; S019; S022; S025,3,moyenne,True,,,Témoins non identifiés publiquement. Présenter comme « selon d'anciens membres ».,A-bio_jeunesse-14
A015,bio_jeunesse,claude_cloud_extraits_moteur_non_lus,"La doctrine du groupe mêlait catholicisme traditionnel et visions apocalyptiques : les membres se pensaient élus pour survivre à la fin du monde, et une « victoire de l'ennemi » était annoncée pour 1962, 1995 et 1999, années de rassemblements en Bretagne.",TEMOIGNAGE_RAPPORTE,"Lettre de 19 pages d'une ex-membre adressée en 1995 à une association anti-sectes de Rennes, rapportée par France 3 (2011) ; JDD ; Unadfi",1962 ; 1995 ; 1999,Bretagne,S019; S018; S023; S017,2,moyenne,True,,,"Source primaire : un témoignage écrit d'ex-membre, non public. Ne pas présenter comme la doctrine « prouvée » du groupe.",A-bio_jeunesse-15
A016,bio_jeunesse,claude_cloud_extraits_moteur_non_lus,"Un chanoine aurait rapporté en 1979 un miracle (statue du Christ pleurant du sang) et reconnu le caractère sacré des messages de Geneviève ; après sa mort en 1987, elle aurait continué seule à transmettre les messages au sein du groupe.",RECONSTRUCTION_ENQUETE,Reconstruction journalistique du JDD (2011),1979 ; 1987,,S017,1,forte,False,,,"Mono-source, connue par extrait. Le nom du chanoine figure dans le JDD (orthographe variable dans les extraits) : ne pas l'utiliser avant relecture.",A-bio_jeunesse-16
A017,bio_jeunesse,claude_cloud_extraits_moteur_non_lus,"D'anciens membres rapportent déscolarisation de certains enfants, dons financiers importants, régimes et règles de vie imposés, isolement progressif et ruptures familiales ; en 1995, un prêtre a signalé le groupe à l'ADFI de Rennes.",TEMOIGNAGE_RAPPORTE,"Ex-membres et prêtre signalant, rapportés par l'Unadfi, le JDD et France 3 ; Fenech (Europe 1) évoque aussi enfants retirés de l'école et discours apocalyptique",années 1970-1995,Bretagne ; Versailles,S023; S017; S019; S021,3,moyenne,False,,,L'Unadfi est partie prenante. Rien ne permet de dire que ces pratiques ont concerné Xavier enfant : ne pas extrapoler. Le prêtre signalant n'est pas nommé ici.,A-bio_jeunesse-17
A018,bio_jeunesse,claude_cloud_extraits_moteur_non_lus,"La lettre d'ex-membre de 1995 évoquerait aussi des prières adressées à Lucifer, présenté comme pardonné ou appelé à s'allier à Dieu.",TEMOIGNAGE_RAPPORTE,"Ex-membre (lettre de 1995), rapportée par France 3 et le JDD (2011)",1995,,S019; S017,1,forte,False,,,"Élément sensationnel et invérifiable : si utilisé, strictement attribué à la lettre d'une ex-membre, avec prudence. Déconseillé en ouverture d'épisode.",A-bio_jeunesse-18
A019,bio_jeunesse,claude_cloud_extraits_moteur_non_lus,"Interrogée sur sa foi, Geneviève Dupont de Ligonnès a nié appartenir à une secte ou animer un groupe de prière chez elle, et dit avoir supporté la disparition de son fils grâce à sa foi.",TEMOIGNAGE_RAPPORTE,"Geneviève Dupont de Ligonnès, propos rapportés (probablement CNews 2019, attribution à confirmer)",après 2011,,S022,1,forte,False,,,Droit de réponse de la mère à intégrer pour l'équilibre. Propos connus par un résumé anglais : pas de citation littérale sans relecture.,A-bio_jeunesse-19
A020,bio_jeunesse,claude_cloud_extraits_moteur_non_lus,"Dans des messages de forum que les enquêteurs lui attribuent (comptes « Chevy » et « LIGO » sur cite-catholique.org, 2009-2010), Xavier se décrivait comme ancien enfant de chœur, membre du Mouvement de la jeunesse catholique de France, pratiquant le chapelet et des prières quotidiennes en forme de « dialogues » avec le Christ, la Vierge et son ange gardien, et ayant fait partie d'un petit groupe réuni autour d'une « messagère ».",RECONSTRUCTION_ENQUETE,Attribution des comptes par les enquêteurs (via CNews/Ouest-France 2026) ; contenu cité par le JDD (2026),2009-2010 (écrits) ; enfance et jeunesse (faits évoqués),Internet,S018; S048,2,moyenne,True,,,"Autodescription a posteriori, non preuve de l'intensité réelle. Rapprochement avec le groupe de sa mère : interprétation (la « messagère » n'est pas nommée dans l'extrait). Texte français exact à relire.",A-bio_jeunesse-20
A021,bio_jeunesse,claude_cloud_extraits_moteur_non_lus,"Selon Bruno de Stabenrath, Geneviève présentait Xavier dès l'enfance comme « l'Élu », numéro 3 d'un organigramme du monde d'après l'Apocalypse, destiné à hériter du monde.",TEMOIGNAGE_RAPPORTE,Bruno de Stabenrath (livre L'Ami impossible et entretiens),années 1960-1990,,S037; S005,1,forte,True,,,"Témoignage d'un ami sur des croyances familiales qu'il n'a pas forcément vécues ; son livre contient une part de fiction assumée (La Presse). Recouper avec le JDD 2011, Society 2020 ou Blandre 2021.",A-bio_jeunesse-21
A022,bio_jeunesse,claude_cloud_extraits_moteur_non_lus,"Stabenrath dit avoir découvert au début des années 1990 que Xavier fréquentait Philadelphie, et raconte qu'une prophétie de sa mère pour le 30 juin 1995 (la résurrection du chanoine, qui devait désigner Xavier comme l'élu) ne s'étant pas réalisée, « le monde de Xavier » se serait effondré et il aurait vu en sa mère une « mythomane mystique ».",TEMOIGNAGE_RAPPORTE,"Bruno de Stabenrath (livre et entretiens), via des sites secondaires",début des années 1990 ; 1995-06-30,,S037; S013,1,forte,True,,,Hors période stricte de jeunesse mais central pour le milieu religieux. Sources secondaires de faible fiabilité ; à vérifier dans le livre (pagination) avant usage.,A-bio_jeunesse-22
A023,bio_jeunesse,claude_cloud_extraits_moteur_non_lus,"Xavier a fait sa scolarité secondaire dans un établissement catholique privé de Versailles, où il a rencontré Bruno de Stabenrath (nom de l'établissement divergent : Saint-Exupéry ou Saint-Thomas-d'Aquin).",FAIT_DOCUMENTE,"JDD (2011), Stabenrath (livre, CNews et JDD 2026), éditeur",années 1970,Versailles,S016; S007; S008; S009; S013,2,moyenne,True,,,Concordance sur un lycée privé de Versailles ; discordance sur le nom (voir contradictions). Scolarité primaire et collège : aucune information.,A-bio_jeunesse-23
A024,bio_jeunesse,claude_cloud_extraits_moteur_non_lus,"Bruno de Stabenrath et Xavier se sont rencontrés en 1977, en terminale, vers 16 ans, et sont restés proches une vingtaine d'années, avec de longues périodes de silence.",TEMOIGNAGE_RAPPORTE,"Bruno de Stabenrath (quatrième de couverture Gallimard, entretiens, BD Glénat)",1977,Versailles,S009; S003; S010; S039; S006,1,moyenne,True,,,"Une seule origine (Stabenrath), même si reprise partout. Europe 1 (2019) indique 1976 ; âge 16 ou 17 ans selon les extraits.",A-bio_jeunesse-24
A025,bio_jeunesse,claude_cloud_extraits_moteur_non_lus,"Selon Stabenrath, les deux adolescents partageaient la passion de la musique, des livres, des voitures américaines et de l'Amérique, un certain non-conformisme envers les traditions bourgeoises versaillaises, une bande d'amis et des petites amies ; ils s'appelaient « vieux frère ».",TEMOIGNAGE_RAPPORTE,"Bruno de Stabenrath, via critiques (Le Monde des livres, La Règle du jeu), JDD, CNews",1977-années 1980,Versailles,S007; S008; S011; S012; S013; S003,1,moyenne,True,,,"Souvenirs d'un seul témoin, écrits près de 45 ans après. « Vieux frère, comment en es-tu arrivé là » figure dans un extrait en français (adresse du livre, à vérifier).",A-bio_jeunesse-25
A026,bio_jeunesse,claude_cloud_extraits_moteur_non_lus,"Stabenrath décrit le jeune Xavier comme un garçon charmant, « assez brillant », cultivé, passionné d'Amérique, d'Elvis Presley et de voyages ; Xavier portait des Ray-Ban ; le livre le montre aussi « enjolivant » la réalité.",TEMOIGNAGE_RAPPORTE,"Bruno de Stabenrath, via sites agrégateurs, blog Fonds Alcuin et présentation Glénat",1977-années 1980,Versailles,S050; S013; S039,1,forte,False,,,Traits de caractère : strictement attribués à Stabenrath. Sources de faible fiabilité ; retrouver l'interview d'origine.,A-bio_jeunesse-26
A027,bio_jeunesse,claude_cloud_extraits_moteur_non_lus,"Assez bon élève, il aurait obtenu son baccalauréat avec un an d'avance, puis suivi des études supérieures erratiques, d'abord en école de commerce, ensuite à la faculté de droit d'Assas, sans diplôme connu.",RECONSTRUCTION_ENQUETE,"Portrait journalistique du Temps (2011, origine exacte non vérifiée) ; police-scientifique.com (« pas vraiment » d'études supérieures)",vers 1978-années 1980,Versailles ; Paris,S014; S015,1,forte,True,,,École de commerce non nommée ; années d'inscription inconnues ; aucun diplôme vérifié. Bac à 17 ans (1978) : déduction non sourcée.,A-bio_jeunesse-27
A028,bio_jeunesse,claude_cloud_extraits_moteur_non_lus,Aucune source sérieuse n'a été trouvée sur un éventuel service militaire ; un extrait non attribué affirmant qu'il « aurait été militaire » avant d'entrer dans la vie active n'est pas retenu.,HYPOTHESE,Extrait moteur sans source identifiable,début des années 1980 (si service effectué),,,0,forte,False,,,"Né en 1961, il était en âge de faire son service national. Question à poser à des sources lues (Society 2020, Le Monde 2011, livre Stabenrath).",A-bio_jeunesse-28
A029,bio_jeunesse,claude_cloud_extraits_moteur_non_lus,"Vers 18 ans, il aurait reçu les clés de la Triumph Spitfire décapotable de son père, et rêvait déjà de l'Amérique et de ses voitures.",RECONSTRUCTION_ENQUETE,"Caradisiac (reconstruction journalistique, source primaire non indiquée ; probablement le livre de Stabenrath)",vers 1979,Versailles,S032,1,forte,False,,,"Détail visuel pour l'épisode, mais mono-source d'un site automobile.",A-bio_jeunesse-29
A030,bio_jeunesse,claude_cloud_extraits_moteur_non_lus,Il a rencontré Agnès Hodanger (née le 9 novembre 1962) à Versailles au début des années 1980 ; elle avait environ 17 ans selon un wiki.,RECONSTRUCTION_ENQUETE,"CNews (2019), wiki communautaire",vers 1979-1982,Versailles,S043; S042,1,forte,True,,,"17 ans en novembre 1979 : la rencontre daterait plutôt de 1979-1980, ce qui est à la limite de « début des années 1980 ». Aucune source de référence lue.",A-bio_jeunesse-30
A031,bio_jeunesse,claude_cloud_extraits_moteur_non_lus,"Fiancés vers 1982, Xavier et Agnès se séparent au milieu des années 1980 (liaison de Xavier avec une jeune Allemande rencontrée en Corse, réticences de la famille d'Agnès selon les sources), avant de se retrouver ; ils se marient le 9 novembre 1991.",RECONSTRUCTION_ENQUETE,"Planet.fr, police-scientifique.com, wiki communautaire, Wikipedia EN",1982 ; milieu des années 1980 ; 1991-11-09,,S042; S015; S043; S031,1,forte,True,,,"Sources secondaires dérivées probablement d'une même origine (Wikipédia / Society). Date de mariage : jour anniversaire des 29 ans d'Agnès, à vérifier. La compagne allemande n'est pas nommée ici.",A-bio_jeunesse-31
A032,bio_jeunesse,claude_cloud_extraits_moteur_non_lus,"Au début des années 1980, il aurait quitté temporairement sa fiancée pour aller travailler dans le sud de la France.",RECONSTRUCTION_ENQUETE,"police-scientifique.com, Planet.fr",vers 1982,sud de la France (lieu non précisé),S015; S042,1,forte,False,,,Nature de l'emploi inconnue.,A-bio_jeunesse-32
A033,bio_jeunesse,claude_cloud_extraits_moteur_non_lus,"Ses premières activités professionnelles sont floues : décrit comme « commercial », il aurait multiplié les projets pour gagner rapidement de l'argent (import d'objets en bois de Tunisie, de voitures américaines), sans succès.",RECONSTRUCTION_ENQUETE,Source proche de l'enquête citée par police-scientifique.com (média d'origine non identifié),années 1980 (datation incertaine),,S015,1,forte,True,,,Rien n'indique si ces projets datent d'avant ou d'après 1991. À vérifier dans Society 2020 et Le Monde 2011.,A-bio_jeunesse-33
A034,bio_jeunesse,claude_cloud_extraits_moteur_non_lus,"Jeune et célibataire, il a fait avec un ami un voyage d'environ un an et demi à travers 48 États américains.",TEMOIGNAGE_RAPPORTE,"L'ami de voyage (particulier, s'exprimant sur Europe 1) ; Stabenrath (48 États, séjours de un à six mois) ; Caradisiac (18 mois en 1990)",années 1980 ou 1990 (divergence),États-Unis (Route 66 notamment),S034; S035; S032; S038,2,moyenne,True,,,"Deux témoins distincts (ami de voyage, Stabenrath) concordent sur les 48 États. Date et durée à fixer (voir contradictions).",A-bio_jeunesse-34
A035,bio_jeunesse,claude_cloud_extraits_moteur_non_lus,"Des photos de 1990, retrouvées par l'ex-policier Gilles Galloux, montrent Xavier à Alpine et Fort Davis (Texas) avec des amies et un ami français ; il aurait séjourné dans un ranch de la région, où il serait revenu plusieurs fois avant 2011.",RECONSTRUCTION_ENQUETE,"Gilles Galloux (ancien policier, auteur), via Big Bend Sentinel et The Connexion (2026)",1990,"Alpine et Fort Davis, Texas (comté de Brewster)",S033; S046; S051,2,moyenne,True,,,Photos non vues. Lien avec l'appel à témoins du shérif du comté de Brewster (25 mars 2026). Personnes photographiées non nommées. Galloux défend une thèse (fuite aux États-Unis) : distinguer les photos de 1990 de ses conclusions.,A-bio_jeunesse-35
A036,bio_jeunesse,claude_cloud_extraits_moteur_non_lus,"Selon son ami de voyage, Xavier parle plusieurs langues couramment et sans accent et pourrait passer pour un Américain.",TEMOIGNAGE_RAPPORTE,"Ami de voyage (particulier), Europe 1",,,S034,1,forte,False,,,"Appréciation subjective, formulée pour étayer la conviction d'une fuite à l'étranger.",A-bio_jeunesse-36
A037,bio_jeunesse,claude_cloud_extraits_moteur_non_lus,"Bruno de Stabenrath, fils d'un officier, a été acteur puis écrivain ; un accident l'a rendu tétraplégique. Son livre L'Ami impossible (Gallimard, 15 octobre 2020, 528 pages ; Folio 2022) mêle souvenirs, éléments judiciaires et scènes imaginées.",FAIT_DOCUMENTE,"Éditeur, La Presse, Le Monde des livres, Europe 1",2020-10-15,,S009; S010; S011; S049; S013,3,moyenne,True,,,Point de méthode majeur : la part de fiction interdit de citer le livre comme preuve factuelle sans signaler le genre. Adaptation en roman graphique annoncée chez Glénat le 28 octobre 2026.,A-bio_jeunesse-37
A038,bio_jeunesse,claude_cloud_extraits_moteur_non_lus,Stabenrath voit dans l'éducation religieuse transmise par sa mère une possible « genèse du mal » et se demande si Xavier aurait commis ces crimes sans elle.,HYPOTHESE,"Bruno de Stabenrath (franceinfo 2021, entretiens autour du livre)",2020-2021,,S005; S037,1,moyenne,True,,,"Interprétation personnelle, à présenter comme une question d'un proche et non comme une explication. Rappel : une croyance ne prédit pas un crime.",A-bio_jeunesse-38
A039,bio_jeunesse,claude_cloud_extraits_moteur_non_lus,"Conviction personnelle de Stabenrath (distincte de ses souvenirs) : dès 2019 il dit avoir « su » que Xavier était vivant ; en 2021, il affirme que Xavier « n'a pas préparé tout ça pour mourir », qu'il se cache, évoque l'Australie et une fin de cavale d'ici cinq ans.",HYPOTHESE,"Bruno de Stabenrath (Europe 1 2019, 20 Minutes et franceinfo 2021)",2019-10 ; 2021-04,,S006; S001; S004; S005,3,moyenne,True,,,"Qu'il exprime cette conviction est bien établi ; son contenu n'a aucune valeur probante. En 2019, sa réaction portait sur l'arrestation de Glasgow (homme arrêté par erreur). Formulations issues d'extraits : relire 20 Minutes. Son pronostic des « cinq ans » (échéance 2026) ne s'est pas réalisé à la date de consultation.",A-bio_jeunesse-39
A040,bio_jeunesse,claude_cloud_extraits_moteur_non_lus,"En 2026, Stabenrath dit avoir la conviction que Xavier est vivant, très probablement aux États-Unis, et relaie le récit d'une connaissance qui l'aurait croisé à San Francisco (Chinatown) en 2015.",HYPOTHESE,"Bruno de Stabenrath (CNews, JDD, podcast LEGEND, avril 2026)",2026-04,San Francisco (allégué),S008; S007; S036; S035,1,forte,False,,,Une seule origine (Stabenrath) relayée par plusieurs médias. Le signalement de San Francisco est de seconde main et invérifié. Évolution par rapport à 2021 (Australie) : voir contradictions.,A-bio_jeunesse-40
A041,bio_jeunesse,claude_cloud_extraits_moteur_non_lus,"Une enquête du parquet de Versailles pour abus de faiblesse visant Geneviève et Christine Dupont de Ligonnès, dans le cadre du groupe « Le Jardin » / « Philadelphie », a été classée sans suite le 3 janvier 2023 pour « infraction insuffisamment caractérisée ».",FAIT_DOCUMENTE,"Parquet de Versailles, via franceinfo et CNews (origine AFP probable) ; Slate",fin 2019 ou janvier 2020 → 2023-01-03,Versailles,S026; S027; S028; S025,1,moyenne,False,,,Communication officielle du parquet connue via la presse (une seule origine si AFP). Le classement signifie l'absence de poursuites : aucune culpabilité ne doit être suggérée. Contexte utile pour présenter le groupe au présent.,A-bio_jeunesse-41
A042,bio_jeunesse,claude_cloud_extraits_moteur_non_lus,"Sa sœur Christine et son mari ont publié en 2024 un livre défendant l'innocence de Xavier, qui revient sur son enfance et soutient la thèse d'une exfiltration aux États-Unis par des services de renseignement.",HYPOTHESE,"Christine Dupont de Ligonnès et Bertram de Verdun (HarperCollins, 13 mars 2024) ; analyse critique de Conspiracy Watch",2024-03-13,,S040; S041,2,faible,False,,,"La parution est un fait ; la thèse est une hypothèse de proches, jugée complotiste par Conspiracy Watch. Source familiale potentielle sur l'enfance, à lire de façon critique.",A-bio_jeunesse-42
A043,avril_2011_apres_codex,codex,"École des cadets et employeur d’Agnès : courriers reçus le 11 avril, annonçant l’Australie.",TEMOIGNAGE_RAPPORTE,Responsables des établissements cités dans la presse,2011-04-11,Nantes,S059; S060; S061,1,faible,True,nuance,"Récits concordants, possibles reprises de la même dépêche ; pas trois origines originales présumées.",,A-avril_2011_apres_codex-01
A044,avril_2011_apres_codex,codex,Un e-mail daté du 8 avril annonce l'Australie à Sphinx Marketing Conseil.,TEMOIGNAGE_RAPPORTE,"Olivier Verdet, patron, via Le Parisien",2011-04-08,Versailles / Nantes,S062,1,moyenne,True,non_confirme,"Original non consulté ; la chronologie du même journal est une reprise, pas corroboration indépendante.",,A-avril_2011_apres_codex-02
A045,avril_2011_apres_codex,codex,"Lettre aux proches : expédition datée du 8 avril, réception située le 11.",RECONSTRUCTION_ENQUETE,"Chronologies 20 Minutes, Nice-Matin et EBRA",2011-04-08/2011-04-11,France,S070; S057; S060,1,moyenne,True,nuance,Expédition et réception sont deux événements ; pièces postales manquantes.,,A-avril_2011_apres_codex-03
A046,avril_2011_apres_codex,codex,"Neuf destinataires proches, selon l’avocat interrogé par l’AFP.",TEMOIGNAGE_RAPPORTE,Stéphane Goldenstein via AFP,2011-04,France,S052; S060,1,moyenne,True,non_confirme,"La chronologie reprend ce nombre, sans liste ni vérification indépendante.",,A-avril_2011_apres_codex-04
A047,avril_2011_apres_codex,codex,"La lettre invoque protection américaine et DEA, mais demande de faire croire à l’Australie.",TEMOIGNAGE_RAPPORTE,Auteur de la lettre attribuée à XDDL ; extraits RTL repris par AFP,2011-04,,S052; S061,1,faible,True,nuance,"Les reprises concordent sur les versions, pas sur leur véracité.","Récit épistolaire, pas une exfiltration établie.",A-avril_2011_apres_codex-05
A048,avril_2011_apres_codex,codex,Nuit au Pontet du 12 au 13 avril.,RECONSTRUCTION_ENQUETE,Parquet et directrice de l'hôtel via presse,2011-04-12/2011-04-13,"Auberge de Cassagne, Le Pontet",S061; S057; S059,2,faible,True,confirme,Dépêche avec entretien de la directrice et chronologie régionale concordantes ; relevés originaux absents.,,A-avril_2011_apres_codex-06
A049,avril_2011_apres_codex,codex,"Directrice : nom Xavier Laurent, adresse nantaise, motif professionnel.",TEMOIGNAGE_RAPPORTE,Sylvie Boucher à l'AFP,2011-04-12,Le Pontet,S061,1,moyenne,True,non_confirme,Même propos repris ailleurs ; aucune fiche client directement lue.,Témoignage sur le séjour.,A-avril_2011_apres_codex-07
A050,avril_2011_apres_codex,codex,Nuit à Blagnac du 11 au 12 avril.,RECONSTRUCTION_ENQUETE,Chronologies et bilan de voyage,2011-04-11/2011-04-12,"Hôtel Première Classe, Blagnac",S057; S058; S065,1,moyenne,True,nuance,"Les récits concordent, mais dépendance possible ; facture non lue.",,A-avril_2011_apres_codex-08
A051,avril_2011_apres_codex,codex,Le passage à La Rochelle est attribué à une trace IP révélée par Sud Ouest.,RECONSTRUCTION_ENQUETE,Sud Ouest via Le Monde et Numerama,2011-04-10/2011-04-11,Région de La Rochelle,S053; S054,1,moyenne,True,non_confirme,"Article original du 1er juin non récupéré malgré clics et recherches françaises/anglaises ; deux reprises, une origine.",,A-avril_2011_apres_codex-09
A052,avril_2011_apres_codex,codex,Numerama souligne que le mécanisme de traçage décrit reste ambigu.,HYPOTHESE,Guillaume Champeau,2011-06-21,,S054,1,moyenne,False,non_confirme,Aucun rapport technique judiciaire lu ; les scénarios du journaliste ne valent pas méthode démontrée.,,A-avril_2011_apres_codex-10
A053,avril_2011_apres_codex,codex,Puilboreau est indiqué comme première étape dans le récit secondaire de Planet.,TEMOIGNAGE_RAPPORTE,"Planet, citant notamment Guy Hugnet",2011-04-10,"Puilboreau, près de La Rochelle",S065,1,moyenne,False,non_confirme,Localisation précise non confirmée par l'article original de Sud Ouest.,Livre cité non lu.,A-avril_2011_apres_codex-11
A054,avril_2011_apres_codex,codex,Une étape à La Seyne-sur-Mer est rapportée ultérieurement ; les bilans de 2011 laissent cette nuit inconnue.,RECONSTRUCTION_ENQUETE,Planet et transcription La Provence ; chronologie Le Parisien 2011,2011-04-13/2011-04-14,La Seyne-sur-Mer,S065; S066; S058,2,moyenne,True,nuance,Différence de date de publication possible ; aucune facture consultée.,,A-avril_2011_apres_codex-12
A055,avril_2011_apres_codex,codex,Retrait de 30 euros le 14 avril à Roquebrune-sur-Argens ; image au distributeur.,RECONSTRUCTION_ENQUETE,Reconstitution des traces via presse,2011-04-14,Roquebrune-sur-Argens,S070; S059; S057,2,faible,True,confirme,"Chronologies et annonces de 2011 concordent sur jour, lieu et montant.",,A-avril_2011_apres_codex-13
A056,avril_2011_apres_codex,codex,Le Monde rapporte un total de 1 000 euros retirés pendant ce trajet.,RECONSTRUCTION_ENQUETE,Le Monde,2011-04,,S053,1,moyenne,False,non_confirme,Relevés et autre source indépendante non consultés.,,A-avril_2011_apres_codex-14
A057,avril_2011_apres_codex,codex,Nuit au Formule 1 du 14 au 15 avril.,RECONSTRUCTION_ENQUETE,Parcours rapporté par les chronologies,2011-04-14/2011-04-15,Roquebrune-sur-Argens,S059; S057; S070,2,faible,True,confirme,Annonces précoces et récits rétrospectifs concordent.,,A-avril_2011_apres_codex-15
A058,avril_2011_apres_codex,codex,"20 Minutes : sortie matinale en voiture, retour vers 16 heures, puis départ à pied.",RECONSTRUCTION_ENQUETE,Frédéric Brenon ; reconstitution journalistique,2011-04-15,"Hôtel Formule 1, Roquebrune-sur-Argens",S070; S057; S066,2,moyenne,True,confirme,La transcription La Provence situe le retour à 16 h 10 ; vidéo originale non visionnée.,,A-avril_2011_apres_codex-16
A059,avril_2011_apres_codex,codex,"Le sac ou la housse porté ne permet pas, à lui seul, d'établir son contenu.",HYPOTHESE,Possibilité évoquée par 20 Minutes et Planet,2011-04-15,Roquebrune-sur-Argens,S070; S065,1,forte,True,nuance,Possibilité de carabine avancée dans les articles ; contenu non observé dans une pièce judiciaire.,Un sac visible et une arme emportée sont deux propositions différentes.,A-avril_2011_apres_codex-17
A060,avril_2011_apres_codex,codex,Dernière trace connue dans les bilans lus : 15 avril.,RECONSTRUCTION_ENQUETE,Bilans régionaux et nationaux,2011-04-15,Roquebrune-sur-Argens,S057; S066; S064,2,faible,True,confirme,RTL décrit les signalements après cette date sans preuve définitive ; ils ne prolongent pas la chronologie authentifiée.,,A-avril_2011_apres_codex-18
A061,avril_2011_apres_codex,codex,C5 retrouvée à Roquebrune : 21 ou 22 avril selon les publications.,RECONSTRUCTION_ENQUETE,Annonces initiales et chronologies,2011-04-21/2011-04-22,Parking proche du Formule 1,S059; S063; S066,2,moyenne,True,nuance,La source EBRA du 22 contient elle-même les deux formulations.,,A-avril_2011_apres_codex-19
A062,avril_2011_apres_codex,codex,"Le texte AFP de 2013 est signé Alexandra Turcat, mais son passage sur le portrait n'a pas pu être lu.",TEMOIGNAGE_RAPPORTE,Notice bibliographique AFP directement ouverte,2013-04-03,Nantes,S067,1,faible,False,non_confirme,L'existence et la date de l'article sont constatées ; l'origine du portrait reste non vérifiée.,Aucun récit sur cette origine tiré de l'extrait du moteur.,A-avril_2011_apres_codex-20
A063,avril_2011_avant_codex,codex,"Première venue au stand en décembre 2010, selon Alain Neutre.",TEMOIGNAGE_RAPPORTE,"Alain Neutre, président du club, interrogé par Jocelyne Rat",2010-12,"La Jonelière, Nantes",S074,2,faible,True,confirme,"Le récit du moniteur repris par Le Parisien situe aussi l'initiation en décembre ; deux reportages, sans document d'inscription consulté.",,A-avril_2011_avant_codex-01
A064,avril_2011_avant_codex,codex,Licence datée du 2 février 2011 par L’Est Républicain.,RECONSTRUCTION_ENQUETE,"Chronologie journalistique, document administratif non consulté",2011-02-02,Nantes,S060; S074,1,moyenne,True,nuance,"Ouest-France confirme l'autonomie en février, sans jour précis ; départ AFP/20 Minutes inaccessible.",,A-avril_2011_avant_codex-02
A065,avril_2011_avant_codex,codex,Le décès du père est daté du 20 janvier 2011 par Nice-Matin et une notice déclarant reprendre l'INSEE.,FAIT_DOCUMENTE,Eric Marmottans ; Libra Memoria / INSEE,2011-01-20,Levallois-Perret,S075; S076,2,faible,True,confirme,Deux origines concordent ; la mention février du Parisien ancien est conservée en contradiction.,Acte original non lu ; lien familial donné par le reportage.,A-avril_2011_avant_codex-03
A066,avril_2011_avant_codex,codex,Carabine .22 LR récupérée après le décès paternel.,RECONSTRUCTION_ENQUETE,Éléments d'enquête rapportés par AFP/DNA et la presse,2011-01/2011-02,,S072; S061; S075,3,moyenne,True,nuance,Calibre et provenance concordent ; la date exacte de récupération n'est pas établie.,Pratique de décembre antérieure à cet héritage.,A-avril_2011_avant_codex-04
A067,avril_2011_avant_codex,codex,"Alain Neutre : quatre visites fin mars, dernière le 1er avril.",TEMOIGNAGE_RAPPORTE,Alain Neutre et responsables du stand via Ouest-France et AFP,2011-03/2011-04-01,Nantes,S074; S061,2,faible,True,confirme,Ouest-France et dépêche AFP concordent sur fréquence et dernière date.,,A-avril_2011_avant_codex-05
A068,avril_2011_avant_codex,codex,"Initiation de deux fils, identifiés comme Thomas et Benoît par l’AFP.",TEMOIGNAGE_RAPPORTE,Responsables du stand via Ouest-France ; dépêche AFP,2011-03,Nantes,S074; S061,2,moyenne,False,nuance,Le reportage régional confirme deux fils sans les identifier ; les prénoms reposent ici sur l'AFP.,Leur connaissance des faits reste inconnue.,A-avril_2011_avant_codex-06
A069,avril_2011_avant_codex,codex,Achats de munitions et d’un silencieux datés du 12 mars.,RECONSTRUCTION_ENQUETE,Chronologie de L'Est Républicain ; éléments précoces d'enquête via AFP,2011-03-12,Nantes,S060; S061,1,moyenne,True,nuance,La dépêche confirme ce jour pour les munitions ; la même date pour le silencieux reste à corroborer par une annonce du parquet lue.,Origine du tableau non précisée.,A-avril_2011_avant_codex-07
A070,avril_2011_avant_codex,codex,"Un armurier raconte qu'en mars XDDL s'est présenté comme prêtre et a demandé une arme de poing, sans en obtenir.",TEMOIGNAGE_RAPPORTE,Armurier de la région nantaise interrogé par Le Parisien,2011-03,Région nantaise,S072,1,moyenne,True,non_confirme,La reprise Europe 1 n'a pu être lue ; absence de corroboration indépendante accessible.,"Récit attribué au commerçant, pas identité ni qualité religieuse établies.",A-avril_2011_avant_codex-08
A071,avril_2011_avant_codex,codex,Ciment et outils : 1er avril ; chaux : 2 avril.,RECONSTRUCTION_ENQUETE,Chronologie de L'Est Républicain ; synthèse Nice-Matin,2011-04-01/2011-04-02,Agglomération nantaise,S060; S057,1,moyenne,True,nuance,La synthèse régionale confirme les deux jours mais ne fournit pas les justificatifs ; indépendance documentaire inconnue.,Achats rapportés.,A-avril_2011_avant_codex-09
A072,avril_2011_avant_codex,codex,"Achats de sacs en toile de jute rapportés, sans date précise.",RECONSTRUCTION_ENQUETE,Éléments d'enquête rapportés par la dépêche AFP,2011-03/2011-04,,S061; S059,1,moyenne,False,non_confirme,"La chronologie EBRA reprend les mêmes achats, sans facture ni origine indépendante explicite.",,A-avril_2011_avant_codex-10
A073,avril_2011_avant_codex,codex,Restaurant et cinéma avec trois enfants le 3 avril ; ordre divergent.,RECONSTRUCTION_ENQUETE,Chronologies journalistiques,2011-04-03,Nantes,S060; S056,1,moyenne,True,nuance,Les activités concordent ; l'ordre varie et le message évoqué n'a pas été écouté.,,A-avril_2011_avant_codex-11
A074,avril_2011_avant_codex,codex,"Absences d’Anne et Benoît dès le 4 avril, justifiées par la maladie.",TEMOIGNAGE_RAPPORTE,"Olivier Bouissou, directeur de La Perverie, via presse de 2011",2011-04-04,"La Perverie, Nantes",S059; S057; S061,2,faible,True,confirme,"Chronologie régionale et dépêche concordent ; on rapporte l'explication reçue, sans affirmer une maladie réelle.",,A-avril_2011_avant_codex-12
A075,avril_2011_avant_codex,codex,L’établissement expliquait encore aux camarades les absences par la maladie.,TEMOIGNAGE_RAPPORTE,Olivier Bouissou via L'Est Républicain,2011-04,Nantes,S059,1,moyenne,False,non_confirme,Article initial 20 Minutes bloqué ; pas d'autre compte rendu direct lu sur ce détail.,"Information disponible alors, avant les résultats de l’enquête.",A-avril_2011_avant_codex-13
A076,avril_2011_avant_codex,codex,Chronologies anciennes : dîner père/Thomas près d’Angers le 4 avril.,RECONSTRUCTION_ENQUETE,Le Parisien 2011 ; chronologies EBRA et Nice-Matin,2011-04-04,"Avrillé, près d'Angers",S058; S060; S057,1,moyenne,True,nuance,Plusieurs tableaux concordent mais provenance commune possible ; source originale du restaurant non lue.,,A-avril_2011_avant_codex-14
A077,avril_2011_avant_codex,codex,"Retour de Thomas à Nantes le 5 avril, demandé par son père.",RECONSTRUCTION_ENQUETE,Chronologies Le Parisien et L'Est Républicain,2011-04-05,Angers / Nantes,S058; S060,1,moyenne,True,nuance,Les deux récits concordent ; ils ne donnent pas ici deux vérifications originales distinctes.,,A-avril_2011_avant_codex-15
A078,avril_2011_avant_codex,codex,"Décès reconstruits : nuit du 3 au 4 avril ; Thomas, nuit du 5 au 6.",RECONSTRUCTION_ENQUETE,Chronologie de L'Est Républicain attribuant des dates probables à l'enquête,2011-04-03/2011-04-06,Nantes,S060; S057,1,moyenne,True,nuance,Le tableau Nice-Matin conserve aussi une alternative pour Thomas : nuit du 4 au 5 ou suivante.,Dates probables.,A-avril_2011_avant_codex-16
A079,bio_famille_codex,codex,Agnès portait le nom de naissance Hodanger.,FAIT_DOCUMENTE,Nice-Matin et arbre familial Society,avant 1991,Versailles / Var,S079; S088,2,faible,True,confirme,Deux documents éditoriaux concordent ; aucun acte d’état civil consulté.,,A-bio_famille_codex-01
A080,bio_famille_codex,codex,Un ami d’enfance situe leur rencontre à Versailles vers seize ans ; une autre biographie parle de dix-huit ans.,TEMOIGNAGE_RAPPORTE,Ami anonyme interrogé par Le Parisien ; portrait du Dauphiné,années 1970,Versailles,S086; S091,2,moyenne,True,nuance,"Recherche complémentaire dans les portraits : le lieu concorde, les âges divergent.",L’âge de la première rencontre reste discuté.,A-bio_famille_codex-02
A081,bio_famille_codex,codex,Le mariage est situé en 1991 ; Nice-Matin précise le 11 septembre à Draguignan.,FAIT_DOCUMENTE,"Nice-Matin, RTL et recension du parcours familial par Society",1991,Draguignan,S079; S085,2,moyenne,True,nuance,"Les recherches sur l’union corroborent 1991, mais aucun registre civil ni second reportage indépendant confirmant le jour n’a été lu.",,A-bio_famille_codex-03
A082,bio_famille_codex,codex,"Arthur est né en 1990 ; Thomas en 1992, Anne en 1994 et Benoît en 1997.",FAIT_DOCUMENTE,Society et Nice-Matin,1990-1997,France,S079; S088,2,faible,True,confirme,Concordance des deux publications ; les âges contemporains sont compatibles.,Dates précises de naissance non retenues.,A-bio_famille_codex-04
A083,bio_famille_codex,codex,"Avril 2011 : Arthur 20 ans, Thomas 18, Anne 16, Benoît 13.",FAIT_DOCUMENTE,Le Parisien et extrait Society,2011-04,Nantes / Angers,S080; S088; S082,2,faible,True,confirme,Le reportage scolaire confirme également les âges d’Anne et de Benoît.,,A-bio_famille_codex-05
A084,bio_famille_codex,codex,"Arthur n’était pas le fils biologique de Xavier, qui l’a élevé avec Agnès.",FAIT_DOCUMENTE,Portrait de Claire Ané et récit de Nice-Matin,1990-2011,Versailles puis domiciles familiaux,S002; S079,2,faible,True,confirme,Concordance sur l’absence de lien biologique ; aucun père biologique privé n’est nommé.,La nature juridique de la filiation n’est pas fixée par ces seuls articles.,A-bio_famille_codex-06
A085,bio_famille_codex,codex,"Agnès indiquait avoir vécu à Draguignan, Lorgues, Sainte-Maxime, Vaison-la-Romaine, Pornic puis Nantes.",TEMOIGNAGE_RAPPORTE,"Profil public d’Agnès, rapporté par Le Monde",années 1990-2011,Var / Vaucluse / Loire-Atlantique,S083,1,moyenne,True,nuance,Parcours général recoupé ; calendrier de chaque logement non établi.,,A-bio_famille_codex-07
A086,bio_famille_codex,codex,Un ami situe un voyage familial de neuf mois en camping-car aux États-Unis en 2002 ; un autre reportage le place à la fin des années 1990.,TEMOIGNAGE_RAPPORTE,Ami de longue date du Parisien ; autres proches et descriptif France Télévisions,fin des années 1990 / 2002,États-Unis,S081; S086; S087; S097,2,moyenne,True,nuance,Recherche ciblée du projet américain : le reportage de mai 2011 précise 2002 et neuf mois ; l’antériorité du récit du camping-car reste divergente.,,A-bio_famille_codex-08
A087,bio_famille_codex,codex,Agnès travaillait à temps partiel à Blanche-de-Castille et participait à la catéchèse.,FAIT_DOCUMENTE,Responsable scolaire interrogé par Le Parisien ; profil professionnel rapporté par Le Monde,2011,Nantes,S082; S083,2,faible,True,confirme,La fonction scolaire est confirmée par l’établissement ; le descriptif précis repose aussi sur son profil public rapporté.,Les titres assistante de vie scolaire et surveillante varient selon les articles.,A-bio_famille_codex-09
A088,bio_famille_codex,codex,Arthur préparait un BTS en Vendée et travaillait dans une pizzeria.,TEMOIGNAGE_RAPPORTE,Employeur et entourage interrogés par Le Parisien,2011,Vendée / Nantes,S080,1,moyenne,False,non_confirme,Pas de dossier scolaire ni de contrat original lu.,Son employeur le décrit comme fiable.,A-bio_famille_codex-10
A089,bio_famille_codex,codex,Thomas étudiait la musicologie à l’université catholique d’Angers.,FAIT_DOCUMENTE,Le Parisien et Le Monde,2011,Angers,S080; S083,2,faible,True,confirme,Deux reportages concordants ; inscription originale non consultée.,,A-bio_famille_codex-11
A090,bio_famille_codex,codex,Anne était en première scientifique ; elle et Benoît fréquentaient la Perverie-Sacré-Cœur.,TEMOIGNAGE_RAPPORTE,"Le Parisien, reportage auprès de l’établissement",2011,Nantes,S080; S082,1,moyenne,False,nuance,Établissement confirmé par son directeur ; niveau rapporté dans le portrait.,Reportages du même journal ; niveau scolaire indiqué par son portrait et établissement confirmé par le directeur.,A-bio_famille_codex-12
A091,bio_famille_codex,codex,"La musique occupait une place dans leur vie : Anne jouait du piano et Benoît de la batterie, selon leurs portraits.",TEMOIGNAGE_RAPPORTE,Entourage rapporté par Le Parisien ; extrait Society pour la batterie,2011,Nantes,S080; S088,2,moyenne,False,confirme,Batterie recoupée ; piano sans seconde origine lue.,Activités présentées sans déduire leur personnalité.,A-bio_famille_codex-13
A092,bio_famille_codex,codex,Le directeur de la Perverie évoque de nombreux amis pour Anne et Benoît ; une collègue se souvient de l’estime portée à Agnès.,TEMOIGNAGE_RAPPORTE,Directeur de la Perverie et personnel de Blanche-de-Castille cités par Le Parisien,2011-04,Nantes,S082,1,moyenne,False,non_confirme,Ces impressions ne sont pas des données exhaustives sur leur vie relationnelle.,"Témoignages situés, sans portrait psychologique global.",A-bio_famille_codex-14
A093,bio_famille_codex,codex,Un ami d’enfance décrivait une famille très attachée à Xavier ; Bruno de Stabenrath rapporte aussi ses longues absences.,TEMOIGNAGE_RAPPORTE,Ami anonyme du Parisien ; Bruno de Stabenrath interrogé par 20 Minutes,années 1990-2011,France,S086; S001,2,moyenne,False,nuance,"Les témoignages décrivent l’attachement familial et une disponibilité inégale, compatibles sans être identiques.",,A-bio_famille_codex-15
A094,bio_famille_codex,codex,Le Monde attribue à Agnès des messages de 2002 et 2004 sur des difficultés financières et conjugales.,TEMOIGNAGE_RAPPORTE,Claire Ané rapportant des écrits attribués à Agnès,2002-2004,internet,S002; S084,1,moyenne,True,nuance,"D’autres articles signalent ces écrits, sans fournir ici une chaîne d’authentification indépendante. Leur auteur et leur contexte doivent rester attribués.",,A-bio_famille_codex-16
A095,bio_famille_codex,codex,"Ouest-France a publié quatre épisodes sur Agnès du 7 au 10 juillet 2026, signés Arnaud Wajdzik.",TEMOIGNAGE_RAPPORTE,"Catalogue éditorial d’Ouest-France, page publique de l’auteur Arnaud Wajdzik",2026-07-07/10,Ouest-France,S090,1,faible,False,confirme,Métadonnées du catalogue seulement ; contenu des quatre articles inaccessible.,Les quatre articles liés sont inaccessibles dans cette passe.,A-bio_famille_codex-17
A096,bio_jeunesse_codex,codex,Xavier est né à Versailles en janvier 1961.,FAIT_DOCUMENTE,JDD ; mois de naissance dans le registre repris par Pappers,1961-01,Versailles,S016; S103; S099,2,faible,True,nuance,"Lieu et année recoupés ; le mois est indiqué par la fiche du dirigeant et la recension, sans acte de naissance lu.",Jour exact non confirmé.,A-bio_jeunesse_codex-01
A097,bio_jeunesse_codex,codex,Ses parents sont Geneviève Maître et Hubert Dupont de Ligonnès ; sa fratrie comprend Véronique et Christine.,FAIT_DOCUMENTE,JDD et arbre familial Society,années 1960-1970,Versailles,S016; S088,2,faible,True,confirme,Identités et fratrie concordantes ; prénom paternel usuel variable.,Le père est aussi appelé Bernard-Hubert.,A-bio_jeunesse_codex-02
A098,bio_jeunesse_codex,codex,Il grandit dans une famille de vieille noblesse française.,FAIT_DOCUMENTE,JDD et RTL,années 1960-1970,Versailles,S016; S085,2,faible,True,confirme,Les portraits concordent ; aucune causalité criminelle supposée.,"Milieu social, sans en déduire la fortune réelle.",A-bio_jeunesse_codex-03
A099,bio_jeunesse_codex,codex,"Les récits situent le départ du père pendant l’enfance de Xavier, vers dix ans.",TEMOIGNAGE_RAPPORTE,Proches et biographies rapportés par JDD et RTL,vers 1971,Versailles,S016; S085,1,moyenne,True,nuance,Concordance approximative ; séparation familiale et divorce peuvent différer.,Date civile de séparation absente.,A-bio_jeunesse_codex-04
A100,bio_jeunesse_codex,codex,"Bruno de Stabenrath se souvient de leur scolarité commune à Saint-Exupéry, à Versailles.",TEMOIGNAGE_RAPPORTE,Bruno de Stabenrath,années 1970,Versailles,S089; S081,1,moyenne,True,nuance,Même souvenir dans deux publications ; scolarité non vérifiée par une origine indépendante.,Un même témoin dans deux publications.,A-bio_jeunesse_codex-05
A101,bio_jeunesse_codex,codex,"Bruno décrit un adolescent drôle, amateur de musique américaine et attiré par les États-Unis.",TEMOIGNAGE_RAPPORTE,Bruno de Stabenrath,années 1970,Versailles / Paris,S089; S001,1,moyenne,True,nuance,"Récits concordants du même ami, sans constituer deux témoins indépendants.",,A-bio_jeunesse_codex-06
A102,bio_jeunesse_codex,codex,"Dans sa lettre publique, Bruno date leur rencontre de septembre 1976 ; RTL indique 1977.",TEMOIGNAGE_RAPPORTE,"Bruno de Stabenrath, lettre puis entretien",1976-1977,Versailles,S089; S098,1,moyenne,True,nuance,Deux expressions d’un même souvenir ; pas de document scolaire daté.,Décalage conservé.,A-bio_jeunesse_codex-07
A103,bio_jeunesse_codex,codex,Un passage en école de commerce après le baccalauréat est rapporté par plusieurs biographies.,FAIT_DOCUMENTE,Le Parisien et RTL,fin des années 1970,région parisienne,S081; S085,2,moyenne,True,nuance,Passage recoupé ; achèvement de la formation non confirmé.,École et diplôme supérieur non établis.,A-bio_jeunesse_codex-08
A104,bio_jeunesse_codex,codex,La recension du livre de Daniel Zagury mentionne ensuite des études de droit à Assas.,TEMOIGNAGE_RAPPORTE,Emmanuelle Bornet résumant Daniel Zagury,fin des années 1970 / début 1980,Paris,S099,1,forte,True,non_confirme,Recherche ciblée Assas : aucune seconde source indépendante ouverte confirmant ce cursus.,Livre complet et inscription non lus.,A-bio_jeunesse_codex-09
A105,bio_jeunesse_codex,codex,Des obligations militaires brèves en 1984 sont rapportées par Nice-Matin.,TEMOIGNAGE_RAPPORTE,"Nice-Matin, récit biographique",1984,France,S079; S100,1,moyenne,True,nuance,"Possibilité recoupée ; année 1984, unité, durée et statut non confirmés par registre.",,A-bio_jeunesse_codex-10
A106,bio_jeunesse_codex,codex,"Nice-Matin situe de petits emplois à Aix, Toulon et La Seyne, puis un travail commercial dans le Var.",TEMOIGNAGE_RAPPORTE,"Nice-Matin, d’après récits et enquête Society",années 1980,Aix-en-Provence / Var,S079,1,moyenne,True,non_confirme,Recherches biographiques concordantes sur l’instabilité ; employeurs et contrats initiaux non lus.,,A-bio_jeunesse_codex-11
A107,bio_jeunesse_codex,codex,"Un ami situe un long séjour américain en 1990, avant le mariage.",TEMOIGNAGE_RAPPORTE,Ami de longue date du Parisien,1990,États-Unis,S097; S087,1,moyenne,True,nuance,"Le descriptif France Télévisions confirme une tentative américaine de jeunesse, sans calendrier.",,A-bio_jeunesse_codex-12
A108,bio_jeunesse_codex,codex,"Sa mère animait un groupe religieux appelé Philadelphie, décrit comme porteur de prédictions apocalyptiques.",FAIT_DOCUMENTE,"JDD, RTL et enquêtes du Parisien",années 1960-1990,Versailles puis autres lieux,S016; S085; S101; S102,2,moyenne,True,confirme,Existence et rôle maternel recoupés ; qualification juridique de secte non présumée.,Dates de fondation divergentes.,A-bio_jeunesse_codex-13
A109,bio_jeunesse_codex,codex,Un texte attribué à Xavier décrit une adolescence dominée par la religion et l’attente d’un retour imminent du Christ.,TEMOIGNAGE_RAPPORTE,"Xavier, texte de février 2008 publié par Le Parisien",adolescence ; écrit 2008-02,internet,S105; S104,1,moyenne,True,nuance,Dossier journalistique d’origine lu ; reprise La Dépêche non indépendante.,"Autoportrait rétrospectif, fichier original absent.",A-bio_jeunesse_codex-14
A110,bio_jeunesse_codex,codex,"Bruno rapporte une réunion religieuse à Sainte-Maxime en juin 1995, dont la promesse de miracle ne se réalise pas.",TEMOIGNAGE_RAPPORTE,Bruno de Stabenrath interrogé par 20 Minutes,1995-06,Sainte-Maxime,S001,1,moyenne,True,nuance,RTL situe un épisode apocalyptique ailleurs ; leur identité n’est pas établie.,,A-bio_jeunesse_codex-15
A111,bio_jeunesse_codex,codex,"Dans un écrit publié, Xavier affirme avoir obtenu le bac avec un an d’avance.",TEMOIGNAGE_RAPPORTE,"Xavier, texte de décembre 2006 publié par Le Parisien",fin des années 1970 ; écrit 2006-12,internet,S105; S099,1,moyenne,False,non_confirme,Pas de résultat d’examen lu ; possible origine commune des récits.,Déclaration personnelle reprise dans une recension.,A-bio_jeunesse_codex-16
A112,bio_jeunesse_codex,codex,Les interprétations de Daniel Zagury sur la personnalité de Xavier sont rétrospectives et sans entretien clinique avec lui.,HYPOTHESE,"Daniel Zagury, selon la recension Nonfiction",livre 2025 ; recension 2026,analyse d’auteur,S099,1,forte,False,nuance,La recension présente explicitement une expertise par contumace.,Livre non lu ; aucune évaluation clinique adoptée.,A-bio_jeunesse_codex-17
A113,bio_travail_finances_codex,codex,"SELREF, SIREN 448135863, est une SARL immatriculée le 2 avril 2003, avec un établissement à Pornic.",FAIT_DOCUMENTE,Attestation officielle INPI ; fiches d’entreprises reprenant les registres,2003-04-02,Pornic,S110; S103; S108,1,faible,True,confirme,Création recoupée dans l’attestation RNE ouverte et lue ; celle-ci est la preuve principale.,Les agrégateurs reproduisent une même origine administrative.,A-bio_travail_finances_codex-01
A114,bio_travail_finances_codex,codex,Xavier Dupont de Ligonnès est répertorié comme gérant de SELREF.,FAIT_DOCUMENTE,Fiches RNE et reportage du Parisien,2003-2011,Pornic,S103; S108; S080,2,faible,True,confirme,Le registre repris et le reportage concordent sur le dirigeant ; l’attestation INPI consultée ne détaille pas ce mandat.,,A-bio_travail_finances_codex-02
A115,bio_travail_finances_codex,codex,"Un ancien imprimeur partenaire décrit une activité réelle de réseau hôtelier pour représentants, financée par des adhésions.",TEMOIGNAGE_RAPPORTE,Ancien partenaire interrogé par Le Parisien,2003-2008,France,S107,1,moyenne,True,nuance,Le secteur touristique concorde avec les fiches d’entreprise ; tarifs et contrats du réseau ne sont pas consultés.,Le nom de son interlocuteur privé est omis.,A-bio_travail_finances_codex-03
A116,bio_travail_finances_codex,codex,"L’imprimeur assure avoir été payé, mais n’avoir pas vu le chiffre d’affaires progresser.",TEMOIGNAGE_RAPPORTE,Ancien partenaire de SELREF,2003-2008,France,S107,1,moyenne,True,non_confirme,Recherche de corroboration dans les registres : pas de factures ni de comptes numérisés permettant de confirmer son bilan.,"Il décrit ses propres relations commerciales, sans audit de tous les créanciers.",A-bio_travail_finances_codex-04
A117,bio_travail_finances_codex,codex,La Route des commerciaux apparaît avant SELREF : Le Parisien situe l’association en 1999.,TEMOIGNAGE_RAPPORTE,"Le Parisien, portrait de 2011 ; recension Nonfiction",1999-2003,France,S099; S097,2,moyenne,True,nuance,Le registre confirme SELREF en 2003 ; il ne date pas la création du réseau ni de l’association. Les récits ne doivent pas être fusionnés.,,A-bio_travail_finances_codex-05
A118,bio_travail_finances_codex,codex,"Un proche décrit le projet Carte Crystal, des cartes prépayées et des dépenses engagées avant les inscriptions attendues.",TEMOIGNAGE_RAPPORTE,Ami cité dans le reportage du Parisien,années 2000,France,S081,1,moyenne,False,non_confirme,Pas de pièce indépendante lue sur ce modèle ; le bilan JDD de 2026 rapproche aussi Crystal d’un prêt privé.,Résultats chiffrés et contrat du projet non consultés.,A-bio_travail_finances_codex-06
A119,bio_travail_finances_codex,codex,"Le registre de Floride porte NETSURF CONCEPT LLC, avec Xavier P Dupont de Ligonnes comme manager.",FAIT_DOCUMENTE,"Florida Department of State, Division of Corporations",2003,"Miami, Floride",S113,1,faible,True,confirme,Fiche officielle ouverte et entièrement lue ; corroboration du nom par les reportages français.,Le siège administratif ne prouve pas un logement personnel ni une activité rentable.,A-bio_travail_finances_codex-07
A120,bio_travail_finances_codex,codex,"Pour Netsurf, le registre distingue l’effet du 21 février 2003, le dépôt du 25 février et la dissolution administrative du 1er octobre 2004.",FAIT_DOCUMENTE,Registre officiel de Floride,2003-02-21/2004-10-01,Floride,S113,1,faible,True,confirme,Dates administratives lues directement ; ne pas confondre date d’effet et date de dépôt.,Motif : absence de rapport annuel ; aucune conclusion automatique sur le chiffre d’affaires.,A-bio_travail_finances_codex-08
A121,bio_travail_finances_codex,codex,"Un ami présente Netsurf comme la continuation américaine du réseau français, après un voyage familial en 2002.",TEMOIGNAGE_RAPPORTE,"Ami de longue date sous prénom modifié, interrogé par Le Parisien",2002-2003,Miami / France,S097,1,moyenne,True,nuance,Sunbiz confirme l’existence et le calendrier de la société ; il ne démontre pas son modèle commercial ni le récit complet du voyage.,,A-bio_travail_finances_codex-09
A122,bio_travail_finances_codex,codex,Un ami attribue des difficultés à l’embauche de six commerciaux et à une réclamation Urssaf de 40 000 euros.,TEMOIGNAGE_RAPPORTE,Ami cité par Le Parisien,à partir de 2003,France,S097; S114,1,moyenne,True,non_confirme,Recherche des comptes et des annonces : aucune notification Urssaf originale ou origine indépendante du montant n’a été lue.,,A-bio_travail_finances_codex-10
A123,bio_travail_finances_codex,codex,Le Parisien rapporte un résultat net 2008 de 3 200 euros et un déficit antérieur cumulé de 13 000 euros.,TEMOIGNAGE_RAPPORTE,Le Parisien présentant des données comptables de SELREF,2008,Pornic,S080,1,moyenne,True,non_confirme,Dépôts répertoriés ; comptes originaux indisponibles pour contrôler les montants.,"Chiffres publiés, distincts d’un revenu personnel ; rapport comptable original non consulté.",A-bio_travail_finances_codex-11
A124,bio_travail_finances_codex,codex,Revenu déclaré rapporté : environ 4 000 euros par an.,RECONSTRUCTION_ENQUETE,Informations financières rapportées dans les enquêtes de presse de 2011,avant avril 2011,France,S100; S084,1,moyenne,True,nuance,"Concordance médiatique, mais une même origine d’enquête est possible : pas deux déclarations indépendamment vérifiées.",,A-bio_travail_finances_codex-12
A125,bio_travail_finances_codex,codex,Prêt privé rapporté : 50 000 euros auprès d’une ancienne relation.,RECONSTRUCTION_ENQUETE,Révélation à la police rapportée par Le Monde ; reprises et bilans de presse,années 2000-2011,région parisienne,S100; S084; S099; S114,1,moyenne,True,nuance,"Sources concordantes sur le montant, apparemment issues de la même créance ; origine indépendante et calendrier exact non établis.",,A-bio_travail_finances_codex-13
A126,bio_travail_finances_codex,codex,"La presse rapporte une maison louée, quatre voitures et des enfants dans le privé, malgré les difficultés financières décrites.",FAIT_DOCUMENTE,Reportages propres de 20 Minutes et du Parisien,2010-2011,Nantes,S084; S081,2,moyenne,True,confirme,Éléments matériels recoupés ; les revenus permettant de les financer restent incomplets.,,A-bio_travail_finances_codex-14
A127,bio_travail_finances_codex,codex,Les écrits publiés en 2012 sont décrits comme des fichiers numériques de 2006 à 2008 récupérés sur une sauvegarde Free.,RECONSTRUCTION_ENQUETE,"Le Parisien, qui indique avoir consulté les textes ; reprises par Le Monde, La Dépêche et aufeminin",2006-2008 ; publication 2012,espace numérique Free,S106; S104; S111; S105,1,moyenne,True,nuance,Une autre version d’archive du dossier du Parisien a été trouvée et lue intégralement. Elle confirme l’origine journalistique et le récit de récupération ; aucune pièce technique d’enquête n’est disponible.,Une cinquantaine de textes Word auraient été consultés par le journal ; fichiers originaux non consultés ici.,A-bio_travail_finances_codex-15
A128,bio_travail_finances_codex,codex,Un texte de décembre 2006 lui attribue une estimation de 7 000 euros de dépenses mensuelles.,TEMOIGNAGE_RAPPORTE,"Extrait d’un texte attribué à Xavier, publié directement par Le Parisien et repris",2006-12,internet,S106; S104; S105,1,moyenne,True,nuance,"Dossier d’origine lu ; autoévaluation, sans contrôle comptable indépendant.",Autoévaluation attribuée ; ce chiffre n’est pas un budget audité.,A-bio_travail_finances_codex-16
A129,bio_travail_finances_codex,codex,La fermeture de l’établissement SELREF est enregistrée au 16 avril 2011.,FAIT_DOCUMENTE,Attestation officielle INPI,2011-04-16,Pornic,S110; S103; S108,1,faible,True,confirme,Concordance de l’attestation et des fiches reprenant les mêmes données.,"Date administrative, distincte d’un dernier jour d’activité réelle.",A-bio_travail_finances_codex-17
A130,bio_travail_finances_codex,codex,SELREF est placée en liquidation le 4 janvier 2012 ; la clôture pour insuffisance d’actif intervient le 14 janvier 2015.,FAIT_DOCUMENTE,DILA / tribunal de commerce de Saint-Nazaire,2012-01-04/2015-01-14,tribunal de commerce de Saint-Nazaire,S103; S109; S116,1,faible,True,confirme,Sept notices BODACC originales lues via l’API officielle ; les deux dates de jugement concordent avec les reprises.,"Dates des jugements, issues des notices A201200091112 et A201500282165.",A-bio_travail_finances_codex-18
A131,bio_travail_finances_codex,codex,Le Monde rapporte qu’Agnès présentait une rémunération de 300 euros mensuels pour son travail scolaire.,TEMOIGNAGE_RAPPORTE,"Profil public d’Agnès, rapporté par Patricia Jolly",2011,Nantes,S083,1,moyenne,False,non_confirme,Le travail scolaire est corroboré dans le thème famille ; le montant précis ne l’est pas.,"Salaire attribué à un profil, sans bulletin de paie.",A-bio_travail_finances_codex-19
A132,bio_travail_finances_codex,codex,Le JDD de 2026 avance 350 000 euros d’héritage pour Agnès et 300 000 euros investis dans un projet américain.,TEMOIGNAGE_RAPPORTE,Marianne Lecach dans un bilan journalistique des quinze ans,années 2000,France / États-Unis,S114,1,forte,True,non_confirme,"Recherche de la situation successorale : les autres pages lues mentionnent un héritage utilisé, sans recoupement indépendant de ces deux chiffres.","Aucune succession, transaction ou compte bancaire consulté.",A-bio_travail_finances_codex-20
A133,decouverte_enquete_codex,codex,La chronologie de 2026 situe une alerte de voisins et une première visite de police au 13 avril 2011.,RECONSTRUCTION_ENQUETE,"Le Parisien, chronologie Manon Aublanc",2011-04-13,Nantes,S056,1,moyenne,True,non_confirme,"La chronologie 2019 concorde sur l’alerte, sans fournir une origine indépendante.",Chronologie rétrospective.,A-decouverte_enquete_codex-01
A134,decouverte_enquete_codex,codex,"RTL décrit le 21 avril comme la cinquième visite policière au domicile, après l’inquiétude suscitée par le silence familial.",RECONSTRUCTION_ENQUETE,"Rédaction RTL, récit rétrospectif",2011-04-21,Nantes,S117,1,moyenne,True,non_confirme,Recherches dans les chronologies contemporaines et rétrospectives : aucune série complète indépendante de dates consultable.,Le nombre des visites est rapporté.,A-decouverte_enquete_codex-02
A135,decouverte_enquete_codex,codex,Les cinq victimes sont découvertes le 21 avril 2011 au domicile familial nantais.,FAIT_DOCUMENTE,Reportage Frédéric Brenon ; Xavier Ronsin interrogé ; communiqué du parquet cité par AFP,2011-04-21,Nantes,S118; S119; S121,3,faible,True,,,Découverte et autopsies ne doivent pas être confondues.,A-decouverte_enquete_codex-03
A136,decouverte_enquete_codex,codex,"Le 21 avril, Ronsin maintient son point presse après avoir appris la découverte d’un premier corps.",TEMOIGNAGE_RAPPORTE,"Xavier Ronsin, ancien procureur de Nantes",2011-04-21,Palais de justice de Nantes,S118; S119,2,faible,True,confirme,Souvenir du magistrat confronté au récit du journaliste.,Confirmation par le journaliste présent.,A-decouverte_enquete_codex-04
A137,decouverte_enquete_codex,codex,"Le communiqué du 10 mai, cité par AFP, donne le 22 avril pour l’ouverture de l’information judiciaire contre X pour assassinats.",RECONSTRUCTION_ENQUETE,"Xavier Ronsin, communiqué rapporté par AFP",2011-04-22,Nantes,S121,1,moyenne,True,nuance,"Le Monde confirme le mandat ultérieur, sans redonner cette date précise d’ouverture.",Texte judiciaire original non consulté.,A-decouverte_enquete_codex-05
A138,decouverte_enquete_codex,codex,"Dans les réponses du Parisien de 2026, le procureur Gaudeul est cité expliquant que les identifications des victimes ont reposé sur l’ADN et les examens médico-légaux.",RECONSTRUCTION_ENQUETE,"Renaud Gaudeul, propos de 2024 rapportés par Le Parisien",2011;2024,Nantes,S135,1,moyenne,True,non_confirme,Recherche du communiqué et des rapports originaux : aucune corroboration indépendante complète des modalités obtenue.,Aucun rapport d’expertise consulté.,A-decouverte_enquete_codex-06
A139,decouverte_enquete_codex,codex,"Le 26 avril 2011, une diffusion Interpol qualifiée de notice bleue est ordonnée, selon le communiqué Ronsin cité par Le Monde.",RECONSTRUCTION_ENQUETE,"Xavier Ronsin, procureur, communiqué cité par Patricia Jolly",2011-04-26,Nantes / international,S120,1,moyenne,True,nuance,Les définitions officielles d’Interpol confirment le rôle d’information de la notice bleue ; aucune fiche individuelle contemporaine n’a été obtenue.,État historique daté.,A-decouverte_enquete_codex-07
A140,decouverte_enquete_codex,codex,"Le parquet annonce le 10 mai 2011 un mandat d’arrêt international, distinct de la recherche internationale antérieure pour entendre le suspect comme témoin.",RECONSTRUCTION_ENQUETE,"Xavier Ronsin, communiqué du parquet cité par AFP et Le Monde",2011-05-10,Nantes / international,S121; S122,2,faible,True,confirme,Deux publications contemporaines concordent sur la date et le changement de statut ; leur information reste une attribution au parquet.,Le mandat judiciaire original n’a pas été consulté.,A-decouverte_enquete_codex-08
A141,decouverte_enquete_codex,codex,"Pour Interpol, une notice rouge demande localisation et arrestation provisoire ; elle n’est pas elle-même un mandat d’arrêt international. La notice bleue vise des renseignements d’identité, de localisation ou d’activité.",FAIT_DOCUMENTE,"INTERPOL, définitions officielles",,International,S139; S140,1,faible,True,confirme,Deux pages officielles concordantes ; elles ne permettent pas de vérifier le dossier individuel.,"Définitions générales, pas la couleur actuelle de la notice XDDL.",A-decouverte_enquete_codex-09
A142,decouverte_enquete_codex,codex,Les obsèques d’Agnès et de ses quatre enfants ont lieu le 28 avril 2011 à l’église Saint-Félix de Nantes.,FAIT_DOCUMENTE,"Reportage contemporain Le Parisien et Frédéric Brenon, journaliste présent",2011-04-28,"Église Saint-Félix, Nantes",S123; S118,2,faible,True,,,"Dates utiles au récit, sans description intime.",A-decouverte_enquete_codex-10
A143,decouverte_enquete_codex,codex,"Le 30 avril, les urnes des victimes sont déposées à Noyers-sur-Serein.",FAIT_DOCUMENTE,AFP et chronologie Le Parisien,2011-04-30,"Noyers-sur-Serein, Yonne",S124; S125; S063,2,faible,True,confirme,Reportage contemporain et rétrospective concordent.,"AFP reprise, une origine.",A-decouverte_enquete_codex-11
A144,decouverte_enquete_codex,codex,"Les recherches du 29 avril 2011 autour de Roquebrune-sur-Argens mobilisent environ 130 personnes, chiens et hélicoptère ; elles sont rapportées infructueuses.",RECONSTRUCTION_ENQUETE,AFP et reportage Marie Quenet du JDD,2011-04-29,"Roquebrune-sur-Argens, Var",S124; S146,2,faible,True,confirme,Le reportage indépendant du JDD du 11 juin confirme le dispositif et l’absence de résultat.,Bilan contemporain AFP.,A-decouverte_enquete_codex-12
A145,decouverte_enquete_codex,codex,"Le 23 juin, le repérage spéléologique se concentre notamment sur une trentaine de cavités, dans un rayon annoncé de 12 à 15 kilomètres ; aucun élément n’est signalé en fin de matinée.",RECONSTRUCTION_ENQUETE,"Le Parisien, notamment André Roudeau du Spéléo-Secours du Var",2011-06-23,Haut-Var,S126; S127,1,moyenne,True,nuance,Le bilan Reuters visible est compatible ; l’article du 28 juin décrit la poursuite des recherches. Ce comptage n’est pas celui de toute la région.,"Le titre Reuters accessible donne également un résultat négatif, sans détails.",A-decouverte_enquete_codex-13
A146,decouverte_enquete_codex,codex,"Le 28 juin, une opération ordonnée par le juge associe CRS, spécialistes des terrains périlleux, pompiers, PJ de Toulon, chiens et hélicoptère. Le parquet maintient alors décès et fuite comme hypothèses.",RECONSTRUCTION_ENQUETE,"Xavier Ronsin, communiqué rapporté par Patricia Jolly",2011-06-28,"Roquebrune-sur-Argens et environs, Var",S128,1,moyenne,True,nuance,L’annonce du 23 juin confirme l’opération prévue. Sa réalisation est rapportée par Le Monde ; aucun bilan officiel complet obtenu.,Bilan final absent.,A-decouverte_enquete_codex-14
A147,decouverte_enquete_codex,codex,"En novembre 2012, Le Parisien annonce des repérages dans des grottes et mines jusque-là non explorées.",RECONSTRUCTION_ENQUETE,"Le Parisien, sources d’enquête anonymes",2012-11,Roquebrune-sur-Argens / Draguignan / Lorgues,S129,1,moyenne,True,nuance,"Mai 2013 confirme des fouilles ultérieures, sans établir chacun des secteurs annoncés.","Projet, pas bilan exhaustif.",A-decouverte_enquete_codex-15
A148,decouverte_enquete_codex,codex,"Le 2 mai 2013, une cinquantaine de policiers, gendarmes et pompiers fouillent des cavités du massif des Maures sous l’autorité du juge Robert Tchalian.",RECONSTRUCTION_ENQUETE,La Dépêche et chronologie Le Parisien,2013-05-02,"Entre La Garde-Freinet et secteur du massif des Maures, Var",S130,1,moyenne,True,nuance,"Le Dauphiné reprend la même dépêche AFP : confirmation de l’origine, pas corroboration indépendante.",Opération en cours ; bilan final non obtenu.,A-decouverte_enquete_codex-16
A149,decouverte_enquete_codex,codex,"Le 1er mai 2015, RTL rapporte que l’ADN d’objets trouvés près de restes à Bagnols-en-Forêt ne correspond pas à XDDL ; les analyses sur les restes sont encore en cours dans cet article.",RECONSTRUCTION_ENQUETE,"RTL, premières expertises de laboratoire rapportées",2015-05-01,"Bagnols-en-Forêt, Var",S144,1,moyenne,False,,,"Résultat partiel daté, pas une confirmation définitive du laboratoire.",A-decouverte_enquete_codex-17
A150,decouverte_enquete_codex,codex,"Le 22 mars 2024, Gaudeul situe l’instruction à Nantes et dément un transfert au pôle de Nanterre.",RECONSTRUCTION_ENQUETE,"Renaud Gaudeul, communiqué cité par La Dépêche",2024-03-22,Nantes,S131,1,moyenne,True,nuance,"Avril puis juin 2026 confirment un traitement nantais, sans certifier le statut au 1er octobre.",État daté de 2024.,A-decouverte_enquete_codex-18
A151,decouverte_enquete_codex,codex,"En 2021, Le Monde situe l’instruction à Nantes, sans procès par défaut annoncé.",RECONSTRUCTION_ENQUETE,Anne-Hélène Dorison et Simon Piel,2021,Nantes,S132,1,faible,False,nuance,"État daté, sans extrapolation actuelle.",Situation datée de 2021.,A-decouverte_enquete_codex-19
A152,decouverte_enquete_codex,codex,Le bilan d’avril 2026 du Dauphiné indique une information judiciaire toujours ouverte à Nantes ; Antoine Leroy décline les commentaires particuliers sur le dossier.,RECONSTRUCTION_ENQUETE,Aurélien Poivret ; procureur Antoine Leroy cité,2026-04,Tribunal judiciaire de Nantes,S134,1,moyenne,True,nuance,"Le communiqué de juin situe encore le traitement à Nantes, sans document judiciaire primaire consulté.","Information publique la plus récente sur le siège judiciaire, complétée en juin.",A-decouverte_enquete_codex-20
A153,decouverte_enquete_codex,codex,"Le 3 juin 2026, Antoine Leroy annonce que le juge d’instruction fera vérifier le compte Epsilon et les informations diffusées sur M6, comme les signalements antérieurs.",RECONSTRUCTION_ENQUETE,"Antoine Leroy, communiqué rapporté par RTL",2026-06-03,Nantes,S136,1,moyenne,True,non_confirme,Recherche de communications institutionnelles et de publications juillet-septembre : pas de texte primaire obtenu ni de conclusion ultérieure indépendante trouvée dans ce thème.,Une vérification annoncée ne constitue pas une identification.,A-decouverte_enquete_codex-21
A154,hypotheses_sort_codex,codex,"En septembre 2011, Ronsin privilégie le suicide sans certitude, invoquant finances, état d’esprit et absence de traces ; la fuite reste étudiée.",HYPOTHESE,"Xavier Ronsin, procureur de Nantes, entretien Reuters",2011-09-03,Nantes / Var,S147; S119,2,forte,True,confirme,"Deux entretiens attestent une position datée, pas un décès.","Opinion ancienne, pas constat de décès.",A-hypotheses_sort_codex-01
A155,hypotheses_sort_codex,codex,"Ronsin, parti de Nantes en 2012, refuse en 2021 de donner une analyse actuelle de l’affaire.",TEMOIGNAGE_RAPPORTE,"Xavier Ronsin, ancien procureur",2021-04-01,,S119,1,faible,True,nuance,"Reuters confirme la position ancienne, sans renseigner une opinion actualisée de l’autorité saisie.",L’entretien de 2011 date sa position.,A-hypotheses_sort_codex-02
A156,hypotheses_sort_codex,codex,"En juillet 2011, Le Monde rapporte que des enquêteurs interprètent des courriels comme des indices suicidaires, tout en conservant la fuite sous une autre identité parmi les possibilités.",HYPOTHESE,Sources policières anonymes citées par Yves Bordenave,2011-07,Var,S148,1,forte,True,nuance,"Reuters confirme une préférence du parquet pour le suicide, sans authentifier chaque courriel ni prouver un décès.",Courriels originaux non consultés.,A-hypotheses_sort_codex-03
A157,hypotheses_sort_codex,codex,La Dépêche reprend en 2026 la conviction personnelle exprimée par Brigitte Lamy en mars 2013 en faveur d’un suicide ; elle liait une certitude à la découverte du corps.,HYPOTHESE,"Brigitte Lamy, procureure de Nantes en 2013, propos AFP repris",2013-03,Nantes,S133; S160,1,forte,True,nuance,"La dépêche contemporaine de mai 2013 confirme l’hypothèse ancienne et l’absence de décès attesté, sans reproduire cette déclaration précise de mars.",Le titre de 2026 ne constitue pas une position nouvelle du parquet.,A-hypotheses_sort_codex-04
A158,hypotheses_sort_codex,codex,"En avril 2022, l’ancien responsable de la PJ de Rennes Jean-Paul Le Tensorer estime personnellement que le suspect est probablement mort ; il admet qu’aucune solution ne sera peut-être trouvée.",HYPOTHESE,"Jean-Paul Le Tensorer, propos au micro de RTL",2022-04,,S149,1,forte,True,non_confirme,Une interview distincte de 2019 a été recherchée mais sa page Europe 1 est inaccessible ; attribution retenue seulement sur RTL.,Aucun constat judiciaire de décès.,A-hypotheses_sort_codex-05
A159,hypotheses_sort_codex,codex,Bruno de Stabenrath est convaincu en 2021 d’une survie : il interprète la préparation et les aptitudes relationnelles comme des moyens de recommencer ailleurs. Il évoque notamment l’Australie.,HYPOTHESE,"Bruno de Stabenrath, ami de jeunesse et auteur",2021,,S001; S158,2,forte,True,confirme,RTL confirme sa conviction ; aucune destination actuelle établie.,"Deux entretiens, une conviction.",A-hypotheses_sort_codex-06
A160,hypotheses_sort_codex,codex,"En 2020 puis en 2026, Anne-Sophie Martin défend l’idée d’une disparition anticipée : les courriers et l’organisation auraient fait gagner du temps. Elle juge en 2026 les États-Unis peu plausibles parce qu’il y est connu.",HYPOTHESE,"Anne-Sophie Martin, journaliste et auteure du Disparu",2020;2026-06-02,,S151; S152,2,forte,True,confirme,Deux entretiens distincts documentent la constance de son interprétation ; ils ne prouvent pas une survie ni une destination.,Entretiens textuels lus ; livre non lu.,A-hypotheses_sort_codex-07
A161,hypotheses_sort_codex,codex,"Gilles Galloux, désormais retraité, croit en 2026 à une survie et à une destination prévue avant le départ ; il poursuit personnellement une recherche de traces aux États-Unis.",HYPOTHESE,"Gilles Galloux, ancien enquêteur de l’OCLCTIC",2026,États-Unis envisagés,S153; S154,2,forte,True,confirme,Les entretiens propres du Parisien et de RTL concordent sur sa position. La reprise de 20 Minutes n’ajoute pas une preuve indépendante.,Enquête privée actuelle ; reprise de 20 Minutes non indépendante.,A-hypotheses_sort_codex-08
A162,hypotheses_sort_codex,codex,"Jean-Alphonse Richard imagine en 2020 soit un accueil dans un milieu religieux déjà fréquenté, soit une fuite en Amérique du Sud, en s’appuyant sur la langue et les relations qu’il lui attribue.",HYPOTHESE,"Jean-Alphonse Richard, journaliste RTL",2020-09-17,"Localisation envisagée, non établie",S151,1,forte,True,nuance,"Stabenrath envisage aussi l’Amérique latine dans un entretien distinct, sans apporter d’identification ; aucune corroboration factuelle d’un accueil trouvée.",Aucune communauté ne doit être présentée comme complice.,A-hypotheses_sort_codex-09
A163,hypotheses_sort_codex,codex,Le frère d’Agnès affirme en avril 2026 sa conviction de la responsabilité du suspect. Son appel à se rendre est formulé pour le cas où celui-ci serait vivant.,TEMOIGNAGE_RAPPORTE,"Guillaume Abbas Hodanger, intervention publique dans C à vous",2026-04-11,France 5,S156,1,moyenne,True,non_confirme,"L’autre article recherché, TF1 Info, est inaccessible ; l’émission intégrale n’a pas été visionnée.",Ne pas transformer un appel conditionnel en preuve de survie.,A-hypotheses_sort_codex-10
A164,hypotheses_sort_codex,codex,Le procureur Gaudeul refuse en mars 2024 tout crédit judiciaire à l’hypothèse d’une exfiltration de la famille défendue par la sœur du suspect.,RECONSTRUCTION_ENQUETE,"Renaud Gaudeul, communiqué cité par La Dépêche",2024-03-22,Nantes,S131,1,moyenne,True,nuance,Le témoignage opposé du frère d’Agnès ne vérifie pas le contenu judiciaire.,Livre non lu ; communiqué original non obtenu.,A-hypotheses_sort_codex-11
A165,hypotheses_sort_codex,codex,"En novembre 2012, Le Parisien rapporte qu’aucun compte bancaire caché n’a été découvert, et que le devenir de bijoux familiaux reste inexpliqué, sans vente établie.",RECONSTRUCTION_ENQUETE,"Le Parisien, sources anonymes d’enquête",2012-11,,S129; S147,1,moyenne,True,nuance,"Reuters confirme les difficultés financières, sans valider l’inventaire bancaire ni une réserve clandestine.",Résultat rapporté en 2012 ; pièces bancaires non lues.,A-hypotheses_sort_codex-12
A166,hypotheses_sort_codex,codex,"Selon les réponses du Parisien de mars 2026, la carabine .22 LR héritée et suspectée d’avoir servi n’a jamais été retrouvée.",RECONSTRUCTION_ENQUETE,Damien Delseny et Manon Aublanc,2026-03,,S135,1,moyenne,True,non_confirme,"Recherches françaises et anglaises sur arme, passeport et munitions : aucune communication indépendante actuelle obtenue confirmant cet inventaire.",Aucun inventaire judiciaire actuel consulté.,A-hypotheses_sort_codex-13
A167,hypotheses_sort_codex,codex,Le Parisien envisage que le bagage aperçu au départ puisse contenir l’arme ; cette interprétation ne décrit pas un contenu constaté.,HYPOTHESE,"Damien Delseny et Manon Aublanc, réponses aux lecteurs",2011-04-15,Roquebrune-sur-Argens,S135,1,forte,False,,,Bagage visible et inventaire sont deux questions distinctes.,A-hypotheses_sort_codex-14
A168,hypotheses_sort_codex,codex,Les reportages décrivent un terrain boisé et accidenté difficile à explorer et des cavités jusque-là non fouillées. Ces limites empêchent de traiter les recherches comme un examen exhaustif de la région.,RECONSTRUCTION_ENQUETE,Marie Quenet et sources d’enquête citées par Le Parisien,2011;2012,Var,S146; S129,2,moyenne,True,confirme,Reportages indépendants sur la difficulté du terrain et les nouveaux secteurs ; aucune conclusion sur le sort du suspect n’en découle.,Aucune superficie totale vérifiée.,A-hypotheses_sort_codex-15
A169,hypotheses_sort_codex,codex,RTL indique en 2022 que le dossier comporte des éléments de comparaison génétique et une empreinte digitale permettant des contrôles d’identité.,RECONSTRUCTION_ENQUETE,"RTL, moyens d’identification rapportés",2022-04,,S149,1,moyenne,True,nuance,Le contrôle ADN d’objets dans le Var en 2015 confirme l’emploi de comparaisons génétiques ; il ne vérifie pas la composition complète du dossier de 2022.,Fiche technique et profils non consultés.,A-hypotheses_sort_codex-16
A170,hypotheses_sort_codex,codex,"En 2015, RTL distingue résultats ADN sur des objets et identification des restes, encore attendue.",RECONSTRUCTION_ENQUETE,"RTL, résultats préliminaires rapportés",2015-05-01,Bagnols-en-Forêt,S144,1,moyenne,False,,,Un rapprochement ne vaut pas identification.,A-hypotheses_sort_codex-17
A171,pistes_2011_2019_codex,codex,Le Parisien rapporte le 5 février 2013 que les prélèvements dans un hôtel de Dieppe excluent XDDL.,RECONSTRUCTION_ENQUETE,"TF1 News, repris par Le Parisien",2013-02-05,Dieppe,S161; S170; S184,1,moyenne,True,nuance,"RMC reprend TF1/Le Parisien. Recherche régionale: S-24 inaccessible, extrait évoquant des tests encore attendus. Exclusion rapportée, date scientifique et résultat original non corroborés.","Résultat rapporté, expertise non consultée.",A-pistes_2011_2019_codex-01
A172,pistes_2011_2019_codex,codex,"Le gérant dit à AFP avoir signalé un client parti sans payer, plutôt qu'avoir reconnu le fugitif.",TEMOIGNAGE_RAPPORTE,Gérant de l'hôtel interrogé par AFP,2013-02,Dieppe,S161,1,moyenne,False,,,Écart entre motif d'alerte et interprétation médiatique.,A-pistes_2011_2019_codex-02
A173,pistes_2011_2019_codex,codex,"Après une découverte près de Fréjus le 28 avril 2015, le parquet précise que l'intervention de la PJ ne privilégie pas l'identification à XDDL.",RECONSTRUCTION_ENQUETE,"Danielle Drouy-Ayral, procureure de Draguignan, via AFP",2015-04-28 / 2015-04-29,Var,S162,1,faible,False,,,Rapprochement géographique provisoire.,A-pistes_2011_2019_codex-03
A174,pistes_2011_2019_codex,codex,"Le 4 mai 2015, Hit West rapporte que le profil génétique ne correspond pas à XDDL.",RECONSTRUCTION_ENQUETE,"Parquet, cité par Hit West",2015-05-04,Var,S163; S168; S170,1,faible,True,nuance,Bilans S-08/S-10 concordent sans expertise ni origine technique indépendante identifiée.,Résultat et non simple ressemblance.,A-pistes_2011_2019_codex-04
A175,pistes_2011_2019_codex,codex,La procureure confirme au Monde qu'une journaliste AFP a reçu un courrier signé du nom de XDDL puis l'a remis à la PJ.,TEMOIGNAGE_RAPPORTE,Brigitte Lamy interrogée par Le Monde,semaine du 2015-07-13,Nantes,S164; S165,2,faible,True,,,Confirmer la réception ne confirme pas l'auteur.,A-pistes_2011_2019_codex-05
A176,pistes_2011_2019_codex,codex,Le document porte le 11 juillet 2015 et une affirmation de survie; il contient une photographie familiale.,TEMOIGNAGE_RAPPORTE,"France 3, repris par BFMTV; Le Monde",2015-07-11 inscrit / réception semaine du 2015-07-13,Nantes,S165; S164,1,moyenne,True,non_confirme,Original France 3 et document matériel non consultés; deux comptes rendus ne prouvent ni date effective ni auteur.,"Date inscrite, date d'envoi effective non prouvée.",A-pistes_2011_2019_codex-06
A177,pistes_2011_2019_codex,codex,"Des comparaisons graphologiques, d'empreintes et d'ADN sont annoncées sur le courrier.",RECONSTRUCTION_ENQUETE,BFMTV reprenant France 3,2015-07,Nantes,S165; S166,1,moyenne,True,nuance,S-06 précise le 29 juillet que les premières expertises ne sont pas encore définitives.,"Annonce de méthode, pas résultats consultés.",A-pistes_2011_2019_codex-07
A178,pistes_2011_2019_codex,codex,"Le 29 juillet, une source policière estime très peu probable que le courrier vienne de XDDL; les expertises restent provisoires.",RECONSTRUCTION_ENQUETE,"Source policière anonyme, reprise AFP par Le Parisien",2015-07-29,Nantes,S166; S169,1,moyenne,True,nuance,"Le bilan S-09 retient un faux probable; autres reprises AFP recherchées, dont S-23 bloquée. Pas de résultat définitif indépendant.",Ni auteur identifié ni faux définitivement établi.,A-pistes_2011_2019_codex-08
A179,pistes_2011_2019_codex,codex,Un signalement de début décembre 2017 déclenche le contrôle d'un monastère du Var le 9 janvier 2018; un religieux ressemblant est écarté.,RECONSTRUCTION_ENQUETE,Le Parisien; récit LCI repris par RMC,2017-12 / 2018-01-09,Roquebrune-sur-Argens,S167; S168; S170,2,faible,True,,,Personne innocente désignée uniquement par son rôle.,A-pistes_2011_2019_codex-09
A180,pistes_2011_2019_codex,codex,"Selon Le Parisien, la recherche mobilise environ vingt policiers de Nantes et Toulon, entre 8h40 et 10h40.",RECONSTRUCTION_ENQUETE,"Le Parisien, reportage et informations policières",2018-01-09,Monastère du Var,S167,1,moyenne,False,,,Horaires du reportage; deux enquêteurs resteraient après le départ du dispositif principal.,A-pistes_2011_2019_codex-10
A181,pistes_2011_2019_codex,codex,Une dénonciation anonyme précède l'interpellation d'un voyageur à Glasgow le vendredi 11 octobre 2019.,RECONSTRUCTION_ENQUETE,"Le JDD, sources policières",2019-10-11,Glasgow,S173; S172; S176,1,faible,True,nuance,Trois récits concordent sur l'alerte mais remontent aux échanges policiers; aucune pièce de transmission consultée.,Origine de la dénonciation non établie publiquement.,A-pistes_2011_2019_codex-11
A182,pistes_2011_2019_codex,codex,"Le Parisien explique avoir publié l'identification après cinq confirmations policières françaises, reçues vers 20 heures.",TEMOIGNAGE_RAPPORTE,"Service Informations générales, récit de sa publication",2019-10-11 vers 20h,France,S172; S179,1,faible,True,nuance,Acrimed examine ce récit; cinq interlocuteurs dépendant d'une même chaîne ne valent pas cinq identifications indépendantes.,Récit de la rédaction; fiabilité des confirmations invalidée.,A-pistes_2011_2019_codex-12
A183,pistes_2011_2019_codex,codex,"À 22h40, le porte-parole écossais confirme au Parisien l'interpellation d'un suspect, sans confirmer son identité.",TEMOIGNAGE_RAPPORTE,"Le Parisien, contact direct de la rédaction",2019-10-11 à 22h40,France / Écosse,S172; S174,2,faible,True,nuance,Euronews obtient aussi une réponse prudente; seule la rédaction du Parisien donne 22h40 pour son contact. Minute non corroborée indépendamment.,Euronews obtient séparément une réponse limitée à l'arrestation.,A-pistes_2011_2019_codex-13
A184,pistes_2011_2019_codex,codex,"Euronews publie le 11 octobre un titre d'identification affirmatif fondé sur AFP, tout en citant une réponse écossaise limitée à l'arrestation.",TEMOIGNAGE_RAPPORTE,"Euronews, contenu de son article directement lu","2019-10-11 à 21h27 GMT+2, texte mis à jour 23h24",Euronews,S174,1,faible,False,,,Le texte conservé ne permet pas de dater chaque ajout.,A-pistes_2011_2019_codex-14
A185,pistes_2011_2019_codex,codex,Le JDD situe vers 23 heures un communiqué écossais indiquant que l'identité doit encore être vérifiée.,TEMOIGNAGE_RAPPORTE,"Police Scotland, communiqué relaté par Le JDD",2019-10-11 vers 23h,Glasgow,S173; S176,1,faible,True,nuance,Le récit S-13 et le contact direct S-12 concordent sur la prudence; communiqué original non retrouvé.,S-16 comporte une incohérence de jour.,A-pistes_2011_2019_codex-15
A186,pistes_2011_2019_codex,codex,"Le samedi matin, le procureur Pierre Sennès appelle à la prudence; la correspondance d'empreintes est décrite comme partielle.",RECONSTRUCTION_ENQUETE,Procureur cité par Le JDD; sources policières du Parisien,2019-10-12 matin,Nantes / Glasgow,S173; S171,2,faible,True,nuance,Deux origines pour des éléments distincts: prudence du procureur et appréciation d'empreintes partielles. Aucun rapport dactyloscopique consulté.,La prudence publique contredit la certitude publiée la veille.,A-pistes_2011_2019_codex-16
A187,pistes_2011_2019_codex,codex,Le résultat ADN rapporté le samedi exclut XDDL; le voyageur est libéré.,RECONSTRUCTION_ENQUETE,Sources policières et Police Scotland rapportées par Le Parisien et Le JDD,2019-10-12,Glasgow,S171; S173,1,faible,True,nuance,"La déclaration officielle rapportée en S-15 confirme la libération; plusieurs médias, même résultat policier.",Exclusion concordante; rapport d'expertise absent.,A-pistes_2011_2019_codex-17
A188,pistes_2011_2019_codex,codex,Police Scotland confirme l'exclusion et la libération.,TEMOIGNAGE_RAPPORTE,Communiqué via The Guardian,2019-10-12,Glasgow,S175,1,faible,False,,,,A-pistes_2011_2019_codex-18
A189,pistes_2011_2019_codex,codex,"Le 14 octobre, Police Scotland déclare n'avoir jamais confirmé l'identité publiquement ou en privé; une source française maintient quatre confirmations orales.",TEMOIGNAGE_RAPPORTE,Communiqué écossais et source française anonyme rapportés par AFP,2019-10-14,Écosse / France,S176; S178,1,moyenne,True,non_confirme,"Recherche France 24 S-20 bloquée; S-18 reprend le conflit, sans enregistrement ni enquête finale permettant de trancher.","Désaccord sur les échanges, sans arbitrage disponible.",A-pistes_2011_2019_codex-19
A190,pistes_2011_2019_codex,codex,"Le procureur indique au Monde avoir saisi l'IGPN le mardi 15 octobre, pour rechercher l'origine des fuites.",TEMOIGNAGE_RAPPORTE,"Pierre Sennès, contact direct du Monde",2019-10-15 (déclaration 2019-10-17),Nantes,S177; S178,1,faible,True,nuance,S-18 confirme l'annonce; même autorité. Aucun résultat final de l'enquête consulté.,"Enquête ouverte, responsabilité non jugée.",A-pistes_2011_2019_codex-20
A191,pistes_2011_2019_codex,codex,Le Parisien rapporte avoir sollicité neuf fois sans réponse le procureur le soir de l'annonce erronée.,TEMOIGNAGE_RAPPORTE,"Le Parisien, récit de ses propres démarches",2019-10-11,France,S178,1,faible,False,,,Démarches rapportées par la rédaction; journal d’appels non consulté.,A-pistes_2011_2019_codex-21
A192,pistes_2020_2026_codex,codex,Le signalement de mars 2024 à Montferrand-le-Château a été exclu: le profil ADN prélevé ne correspond pas à XDDL.,RECONSTRUCTION_ENQUETE,"Renaud Gaudeul, procureur de Nantes, cité par AFP",2024-04-15,Doubs,S185,1,faible,True,non_confirme,"Recherche La Dépêche/Le Parisien/TF1: reprises de la même origine AFP, sans corroboration indépendante obtenue; déclaration du parquet correctement rapportée.",Résultat attribué au parquet via média; pas pièce d'expertise consultée.,A-pistes_2020_2026_codex-01
A193,pistes_2020_2026_codex,codex,L'appel texan évoquait une observation possible en 2020 d'un homme accompagné d'un labrador noir.,TEMOIGNAGE_RAPPORTE,"Bureau du shérif de Brewster County, cité par AFP",2020 / 2026-03,"Brewster County, Texas",S186; S051,1,forte,True,nuance,La clarification de KOSA S-02 précise qu'aucune observation n'est confirmée.,"Observation alléguée, pas identification.",A-pistes_2020_2026_codex-02
A194,pistes_2020_2026_codex,codex,"Dans la clarification publiée le 26 mars, le shérif indique ne disposer d'aucun nouvel élément ni observation confirmée dans Brewster County ou l'ouest du Texas.",RECONSTRUCTION_ENQUETE,"Bureau du shérif, déclaration reproduite par KOSA",2026-03-26,Texas,S051; S186,1,faible,True,nuance,"S-03 documente l'appel initial, sans corroborer la clarification S-02; une déclaration locale rapportée, pas un résultat scientifique.",Texte du shérif retranscrit par un média local; page officielle Facebook non consultée.,A-pistes_2020_2026_codex-03
A195,pistes_2020_2026_codex,codex,"La démarche texane suit le contact d'une équipe privée comprenant un ancien enquêteur du dossier, selon le shérif.",TEMOIGNAGE_RAPPORTE,Shérif Dodson via KOSA,2026-03,Brewster County,S051,1,moyenne,False,,,Ce contexte ne constitue pas une opération judiciaire française.,A-pistes_2020_2026_codex-04
A196,pistes_2020_2026_codex,codex,"Le procureur Antoine Leroy déclare le 26 mars que ni lui, ni le juge, ni les enquêteurs français n'avaient été informés de l'appel texan.",RECONSTRUCTION_ENQUETE,"Antoine Leroy, cité par AFP",2026-03-26,Nantes,S186; S137; S196,1,faible,True,non_confirme,"S-13/S-14 reprennent la déclaration AFP S-03; recherche indépendante effectuée, sans nouvelle origine.",État de l'information du parquet à cette date.,A-pistes_2020_2026_codex-05
A197,pistes_2020_2026_codex,codex,"Appel à témoins, présenté par Julien Courbet sur M6 le 2 juin 2026, a diffusé l'appel d'un homme se présentant comme prêtre.",FAIT_DOCUMENTE,Le Parisien et La Dépêche,2026-06-02,M6,S187; S188,2,faible,True,,,Programme audiovisuel non visionné; articles concordants.,A-pistes_2020_2026_codex-06
A198,pistes_2020_2026_codex,codex,"L'appelant prétendait avoir entendu en 2022, dans un monastère de Plavilla, XDDL avouer le meurtre de sa famille.",TEMOIGNAGE_RAPPORTE,"Appelant prétendu prêtre, récit relaté par les médias",2022 alléguée / 2026-06-02,"Plavilla, Aude",S187; S188,2,forte,True,contredit,Monastère interrogé directement par La Dépêche et démenti de l'évêque; M6 reconnaît un faux témoignage.,Allégation démentie; ne prouve ni présence ni survie.,A-pistes_2020_2026_codex-07
A199,pistes_2020_2026_codex,codex,Bruno Valentin dément toute autorisation ou contact préalable; le monastère interrogé par La Dépêche récuse le récit.,TEMOIGNAGE_RAPPORTE,Évêque de Carcassonne et Narbonne; religieux du monastère,2026-06-03,Carcassonne / Plavilla,S188; S187,1,faible,True,nuance,"S-04 reprend le démenti épiscopal; le contact propre avec le monastère est S-05. Même autorité pour le premier propos, aucune preuve judiciaire consultée.",Démentis distincts du récit initial.,A-pistes_2020_2026_codex-08
A200,pistes_2020_2026_codex,codex,M6 annonce le 3 juin avoir établi le caractère faux du témoignage et présente ses excuses à l'évêque.,TEMOIGNAGE_RAPPORTE,"M6, communiqué transmis au Parisien",2026-06-03,M6,S187; S189,1,faible,True,nuance,"S-06 rapporte la réaction de l'équipe sur RTL, sans authentifier séparément le communiqué; autres reprises AFP bloquées. Propos de M6 rapportés, pas établissement judiciaire.","Déclaration de la chaîne, pas jugement.",A-pistes_2020_2026_codex-09
A201,pistes_2020_2026_codex,codex,Stan Vignon rapporte sur RTL que l'appelant lui a finalement admis ne pas être prêtre.,TEMOIGNAGE_RAPPORTE,"Stan Vignon, rédacteur en chef de l'émission, cité par La Dépêche",2026-06-03,RTL,S189; S190,1,moyenne,True,nuance,S-07 relate une prétention supplémentaire non confirmée; aucune identification de cet appelant ni procédure judiciaire déduite.,Aveu hors antenne rapporté par l'équipe.,A-pistes_2020_2026_codex-10
A202,pistes_2020_2026_codex,codex,L'évêque annonce saisir l'Arcom; son président annonce le 4 juin l'examen de la séquence.,TEMOIGNAGE_RAPPORTE,"Bruno Valentin; Martin Ajdari, président de l'Arcom interrogé par Ici Provence",2026-06-03 / 2026-06-04,France,S188; S191; S192; S205; S206,2,faible,True,,,"Saisine et examen sans sanction. S-24/S-25 vérifient uniquement le nom du président, pas sa décision sur M6.",A-pistes_2020_2026_codex-11
A203,pistes_2020_2026_codex,codex,"Au 3 juin, l'avocat du diocèse envisage un dépôt de plainte, selon Le Parisien.",TEMOIGNAGE_RAPPORTE,"Le Parisien, citant la position du diocèse",2026-06-03,Carcassonne,S187,1,moyenne,True,non_confirme,"Recherche explicite faux prêtre plainte, puis variantes juillet/août/septembre: aucun dépôt ni décision judiciaire confirmé dans les pages lisibles.",Ne pas transformer une réflexion en plainte déposée.,A-pistes_2020_2026_codex-12
A204,pistes_2020_2026_codex,codex,"Selon l'enquête Ouest-France reprise par Le Parisien, Epsilon est un compte de Cité Catholique créé le 2 juillet 2010, avec 1169 messages jusqu'en 2017.",TEMOIGNAGE_RAPPORTE,Enquête Ouest-France relatée par Manon Aublanc,2010-07-02 / 2017,Forum Cité Catholique,S193; S195,1,moyenne,True,nuance,Control Investigation S-12 observe 1169 au profil mais 1080 via recherche; différences de corpus à expliciter.,Compte existant ne signifie pas identité de XDDL.,A-pistes_2020_2026_codex-13
A205,pistes_2020_2026_codex,codex,"Le rapprochement repose sur des habitudes d'écriture, références bibliques et interlocuteurs communs, selon Ouest-France; ce sont des indices interprétés.",HYPOTHESE,"Ouest-France et expert sollicité, repris par Le Parisien",2026-06,Cité Catholique,S193; S195,1,forte,True,nuance,"Analyse indépendante S-12 insiste sur hypothèses alternatives et contradiction possible d'horaires, sans accéder aux données judiciaires.",Aucune identité formellement établie dans cet article.,A-pistes_2020_2026_codex-14
A206,pistes_2020_2026_codex,codex,Le parquet annonce que le juge fera vérifier la piste d'un utilisateur actif jusqu'en août 2017 aux formulations proches de celles attribuées à XDDL.,RECONSTRUCTION_ENQUETE,"Antoine Leroy, déclaration reproduite par Le Dauphiné",2026-06-03 (annonce relatée le 04),Nantes,S194; S193,1,faible,True,nuance,"S-10 rapporte aussi une réponse du même procureur; deux comptes rendus de la même autorité, sans corroboration indépendante ni résultat technique.",Annonce de vérifications; aucun résultat annoncé.,A-pistes_2020_2026_codex-15
A207,pistes_2020_2026_codex,codex,"Dans son analyse du 6 juillet, Artus Huot de Saint-Albin estime que les comparaisons d’horaires ne permettent pas d’établir l’attribution d’Epsilon à XDDL.",HYPOTHESE,"Artus Huot de Saint-Albin, interprétation publiée sur Control Investigation",2026-07-06,Internet,S195,1,forte,False,,,"Interprétation privée des horaires, sans validation scientifique ou judiciaire. L’existence de la publication ne valide pas son raisonnement.",A-pistes_2020_2026_codex-16
A208,pistes_2020_2026_codex,codex,Les bilans secondaires du 17 août et du 2 septembre indiquent qu'aucune identification officielle d'Epsilon n'est annoncée dans leurs sources.,TEMOIGNAGE_RAPPORTE,Actu Forces de l'Ordre; Éditions Fractales,2026-08-17 / 2026-09-02,Internet,S137; S196,1,moyenne,True,non_confirme,Recherches Epsilon conclusions et mois juillet/août/septembre: aucun communiqué conclusif lisible retrouvé.,Deux synthèses reprennent largement les mêmes médias de juin; absence dans ce corpus n'établit pas absence universelle.,A-pistes_2020_2026_codex-17
A209,pistes_2020_2026_codex,codex,"En juillet 2020, la productrice d'Unsolved Mysteries dit avoir transmis aux enquêteurs une photo et un signalement à Chicago.",TEMOIGNAGE_RAPPORTE,"Terry Dunn Meurer, entretien Variety repris par La Dépêche",2020-07,Chicago,S197; S169,1,moyenne,True,nuance,20 Minutes S-16 rapporte ultérieurement que les témoignages issus de Netflix n'ont pas été confirmés à la date de son bilan.,Signalement de ressemblance; aucune localisation authentifiée.,A-pistes_2020_2026_codex-18
A210,pistes_2020_2026_codex,codex,Le parquet indique le 28 avril 2025 qu'aucun élément factuel vérifiable transmis aux autorités ne prouve les rumeurs de localisation diffusées depuis mars.,RECONSTRUCTION_ENQUETE,"Antoine Leroy, cité par AFP",2025-04-28,Nantes / localisation alléguée en Asie,S198,1,faible,True,non_confirme,"Recherche indépendante: reprises du démenti AFP, sans nouvelle origine; la déclaration rapportée est distincte d'une expertise consultée.",Ne pas identifier l'homme photographié.,A-pistes_2020_2026_codex-19
A211,pistes_2020_2026_codex,codex,"Le 5 juillet 2026, des articles annoncent une série 13h15 de France 2 et rapportent la conviction de survie d'un ancien compagnon de séjour américain.",TEMOIGNAGE_RAPPORTE,"Femin Actu, Closer et proche interrogé par France 2",2026-07-05,France 2,S199; S200,1,moyenne,False,,,"Épisode non visionné; conviction personnelle, aucune avancée d'enquête déduite.",A-pistes_2020_2026_codex-20
A212,youtube_apports_codex_codex,codex,"Ouest-France décrit des rapprochements de style, de références bibliques et d'interlocuteurs entre Epsilon et les comptes connus de XDDL ; le journaliste précise qu'il ne dispose pas d'identification formelle.",TEMOIGNAGE_RAPPORTE,Arnaud Vajdic dans son enquête vidéo,2026-06-02,,S207,1,moyenne,True,nuance,La vidéo explicite elle-même sa limite ; la contradiction Galloux figure en A-02. Aucun résultat officiel supplémentaire obtenu.,"1:36–7:59. Nouvelle source originale accessible pour la piste déjà relatée dans pistes_2020_2026.json. La méthode et ses résultats sont rapportés, sans audit du corpus.",A-youtube_apports_codex-01
A213,youtube_apports_codex_codex,codex,Galloux conteste l'attribution d'Epsilon en invoquant ses travaux de 2011 et des adresses IP différentes ; aucune pièce technique n'est accessible dans cet entretien.,TEMOIGNAGE_RAPPORTE,"Gilles Galloux, ancien enquêteur, intervenant à titre personnel",2026-06-03,,S207,1,moyenne,True,non_confirme,Journaux IP et conclusions judiciaires non consultés ; sa déclaration ne clôt pas à elle seule la piste.,7:56–9:08. Parole contradictoire enfin consultable ; pas une décision du parquet. Comparer les deux méthodes.,A-youtube_apports_codex-02
A214,youtube_apports_codex_codex,codex,"Le portrait d'Agnès rassemble ses activités professionnelles et familiales, des courriels présentés par le journaliste et le souvenir d'une amie.",TEMOIGNAGE_RAPPORTE,Arnaud Vajdic et une amie d'Agnès interviewée par Ouest-France,2026-08-02,,S207,1,moyenne,True,non_confirme,Le travail scolaire figure déjà dans bio_famille.json ; les métiers antérieurs et l'aide à l'activité commerciale demandent une source indépendante.,4:24–6:49 et 10:26–11:42. Matière nouvelle utile pour l'épisode 1 ; écrits originaux et dossier judiciaire non joints. Écarter les détails intimes non nécessaires.,A-youtube_apports_codex-03
A215,youtube_apports_codex_codex,codex,La vidéo TF1 présente une observation alléguée au Texas avant de diffuser une explication du shérif sur l'objectif de son appel.,TEMOIGNAGE_RAPPORTE,Présentation TF1 et propos traduits attribués au shérif,2026-03-27,,S207,1,moyenne,True,nuance,La clarification publiée par KOSA ne fait état d'aucun élément nouveau ni d'observation confirmée.,0:00–0:38. Le conditionnel de la présentation ne doit pas devenir une observation authentifiée.,A-youtube_apports_codex-04
A216,youtube_apports_codex_codex,codex,KOSA reproduit une clarification selon laquelle l'appel du shérif suit la visite d'une équipe privée ; le média indique qu'aucune observation n'est confirmée dans le comté ou l'ouest du Texas.,TEMOIGNAGE_RAPPORTE,"Brewster County Sheriff's Office, communiqué reproduit par KOSA ; rédaction KOSA",2026-03-26,,S051,1,faible,True,confirme,"À 13:01–13:46 de son entretien Europe 1, Galloux décrit également la visite de l'équipe. Il s'agit d'un accord sur l'origine de l'appel, pas d'une localisation.","À confronter aux clips français ; le site du média a été lu, le post original n'a pas été ouvert.",A-youtube_apports_codex-05
A217,youtube_apports_codex_codex,codex,Le texte français de franceinfo attribue l'origine de l'appel au shérif à la rencontre avec un policier français retraité.,TEMOIGNAGE_RAPPORTE,Narration de franceinfo,2026-03-27,,S207,1,moyenne,False,,,1:24–1:34. Les interventions anglaises manquent dans la transcription exportée ; ne pas les restituer à partir de ce texte.,A-youtube_apports_codex-06
A218,youtube_apports_codex_codex,codex,"Europe 1 diffuse le démenti de Bruno Valentin et rapporte la saisine de l'Arcom, puis les excuses de M6 dans une édition ultérieure.",TEMOIGNAGE_RAPPORTE,Bruno Valentin et reportage de Maylène Trémolet,2026-06-03,,S207; S207,1,faible,True,confirme,Les extraits attribués à l'évêque sont lisibles dans les deux montages ; ils ne constituent qu'une origine indépendante.,S-06 : 0:43–1:26 ; S-05 : 1:13–1:41. Deux montages d'une même origine. Aucune sanction ni poursuite établie ici.,A-youtube_apports_codex-07
A219,youtube_apports_codex_codex,codex,Galloux raconte les vérifications insuffisantes autour du témoignage diffusé sur M6 et décrit l'origine de son déplacement privé au Texas.,TEMOIGNAGE_RAPPORTE,Gilles Galloux sur Europe 1,2026-06-03,,S207,1,moyenne,False,,,2:35–5:31 ; 13:01–14:37. Utile pour montrer comment une piste médiatique se forme. Souvenirs du plateau et investigations privées à attribuer.,A-youtube_apports_codex-08
A220,youtube_apports_codex_codex,codex,"Dans le portrait d'Agnès, le journaliste interprète des écrits conjugaux et financiers comme des manifestations d'emprise ; la conclusion sur le mobile reste son analyse.",HYPOTHESE,Arnaud Vajdic,2026-08-02,,S207,1,forte,False,,,7:59–8:39 et 14:26–14:54. Attribution indispensable ; ni diagnostic clinique ni mobile définitivement établi.,A-youtube_apports_codex-09
A221,youtube_apports_codex_codex,codex,L'expert interrogé par Ouest-France demande de tester l'hypothèse d'une imitation avant de trancher l'identité de l'auteur d'Epsilon.,HYPOTHESE,Claude-Alain Roten,2026-06-02,,S207,1,moyenne,False,,,8:00–8:21. Conserver ce passage de réserve avec toute présentation de ses arguments.,A-youtube_apports_codex-10
A222,youtube_pistes_2024_2026_codex_codex,codex,"Dans le compte rendu RTL de son entretien du 6 mai 2025, Daniel Zagury privilégie l'hypothèse du suicide tout en disant ne pas pouvoir affirmer le décès.",HYPOTHESE,"Daniel Zagury, propos rapportés par RTL",2025-05-06,RTL,S211,1,forte,False,nuance,Des entretiens avec Galloux soutenant la survie ont été repérés dans leurs notices. Leurs transcriptions restent à lire ; aucune corroboration technique indépendante obtenue.,"Article du diffuseur lu, aucune expertise judiciaire ni examen direct du suspect consulté. Cette hypothèse ne démontre pas le décès.",A-youtube_pistes_2024_2026_codex-01
A223,youtube_pistes_2024_2026_codex_codex,codex,"Au début du programme BFM du 26 mars, un extrait de télévision locale traduit indique qu'aucune observation du suspect n'est confirmée dans Brewster County ou l'ouest du Texas.",RECONSTRUCTION_ENQUETE,"Bureau du shérif, déclaration relayée par une télévision locale et traduite par BFM",2026-03-26,Texas,S214; S051,1,faible,True,nuance,"BFM reprend la télévision locale : pas de nouvelle origine indépendante du shérif, ni résultat scientifique consulté. La clarification précise la portée limitée de l'appel.","Dailymotion 0:56–1:02, transcription automatique lue ; même clarification du shérif déjà reproduite par KOSA.",A-youtube_pistes_2024_2026_codex-02
A224,youtube_pistes_2024_2026_codex_codex,codex,"Dans la transcription du plateau BFM du 26 mars, un producteur dit que son équipe tournée vers une piste défendue par Galloux a rencontré le shérif, qui a ensuite publié son appel.",TEMOIGNAGE_RAPPORTE,Producteur de documentaire interrogé sur BFM,2026-03-26,BFM / Texas,S214; S051,2,moyenne,True,nuance,"Deux auteurs de propos distincts, le producteur et le shérif via KOSA, concordent sur une visite privée à l'origine de l'appel. Le détail de la conversation et le montage restent non vérifiés ; aucune opération judiciaire française ni localisation établie déduite.","Repères Dailymotion 4:22–5:26 ; récit de partie prenante, transcription automatique. KOSA rapporte séparément la visite d'un groupe privé incluant un ancien enquêteur.",A-youtube_pistes_2024_2026_codex-03
A225,avril_2011_apres_bionic,bionic_lmstudio_non_reverifie,"Un courrier attribué à Xavier Dupont de Ligonnès, reçu par neuf proches, annonçait un départ subit de la famille pour les États-Unis dans un lieu secret, justifié par des menaces liées à des activités pour les services antidrogue américains, et recommandait de ne pas « s'occuper des gravats » sous la terrasse.",FAIT_DOCUMENTE,Europe 1 avec AFP ; extraits publiés par RTL ; avocat Me Stéphane Goldenstein,2011-05-05,France,S052,1,moyenne,True,,,Le courrier est « attribué à » : l'attribution n'est pas présentée comme définitivement établie par les sources consultées. Point de départ 8 du prompt.,A-avril_2011_apres-D01
A226,avril_2011_apres_bionic,bionic_lmstudio_non_reverifie,"Deux récits de départ différents ont été adressés selon les destinataires : une « mutation professionnelle urgente » en Australie pour l'employeur d'Agnès et les établissements scolaires, et une exfiltration par la DEA avec protection de témoins pour les proches.",FAIT_DOCUMENTE,Le Parisien ; Le Télégramme ; Europe 1/AFP,2011-04-11,France,S056; S216; S052,3,faible,True,,,Il ne s'agit pas d'une contradiction entre sources mais d'une divergence voulue par l'auteur des courriers : à présenter comme telle.,A-avril_2011_apres-D02
A227,avril_2011_apres_bionic,bionic_lmstudio_non_reverifie,Les courriers ont été envoyés le 8 avril 2011 et sont parvenus à leurs destinataires le 11 avril 2011.,FAIT_DOCUMENTE,Le Télégramme,2011-04-08 / 2011-04-11,France,S216,1,moyenne,False,,,"La plupart des sources ne citent que la date de réception (11 avril), ce qui peut laisser croire à une rédaction ce jour-là.",A-avril_2011_apres-D03
A228,avril_2011_apres_bionic,bionic_lmstudio_non_reverifie,"Le 8 avril 2011, un dernier message a été publié sur le forum cite-catholique.org depuis une adresse IP située à Nantes.",FAIT_DOCUMENTE,Le Télégramme,2011-04-08,Nantes,S216,1,moyenne,True,,,Élément souvent cité comme dernière trace numérique attestée. Le détail des méthodes de traçage n'est pas repris ici.,A-avril_2011_apres-D04
A229,avril_2011_apres_bionic,bionic_lmstudio_non_reverifie,"Xavier Dupont de Ligonnès a quitté Nantes le 10 avril 2011 et a passé la nuit du 10 au 11 avril à l'hôtel Le Beaulieu, à Puilboreau, près de La Rochelle, dans une chambre payée en espèces.",FAIT_DOCUMENTE,"ICI La Rochelle (Radio France), Le Télégramme, Sud-Ouest",2011-04-10,Puilboreau (Charente-Maritime),S218; S216; S215,3,faible,True,,,"Le gérant se souvient d'un client « calme et discret », environ 50 euros la chambre, sans petit-déjeuner, parti dans la nuit ou tôt le matin.",A-avril_2011_apres-D05
A230,avril_2011_apres_bionic,bionic_lmstudio_non_reverifie,"La trace de son passage dans cet hôtel de la banlieue de La Rochelle a été établie grâce à l'adresse IP de son ordinateur, selon Sud-Ouest.",RECONSTRUCTION_ENQUETE,"Sud-Ouest, cité par Numerama",2011-05-31,La Rochelle,S054; S215,1,moyenne,True,,,Numerama signale lui-même que le récit ne permet pas de trancher entre deux mécanismes techniques possibles (connexion depuis l'hôtel ou adresse matérielle connue de la police). Ne pas décrire le procédé en détail à l'antenne.,A-avril_2011_apres-D06
A231,avril_2011_apres_bionic,bionic_lmstudio_non_reverifie,"Il a passé la nuit du 11 au 12 avril à l'hôtel Première Classe de Blagnac, près de Toulouse, enregistré sous le nom « Xavier Ligonne » et réglant 42,40 euros par carte bancaire.",FAIT_DOCUMENTE,La Dépêche du Midi ; Le Télégramme ; Wikipédia,2011-04-11,Blagnac (Haute-Garonne),S219; S216; S030,3,faible,True,,,Élément du prompt (« Blagnac »).,A-avril_2011_apres-D07
A232,avril_2011_apres_bionic,bionic_lmstudio_non_reverifie,"Il a passé la nuit du 12 au 13 avril à l'Auberge de Cassagne, au Pontet (Vaucluse), sous la fausse identité de « M. Xavier Laurent », en réglant 214,59 euros par carte bancaire.",FAIT_DOCUMENTE,Wikipédia (citant des sources de presse) ; Nice-Matin,2011-04-12,Le Pontet (Vaucluse),S030; S217,2,moyenne,True,,,"Élément du prompt (« Le Pontet »). Le montant et le faux nom proviennent de la source encyclopédique, à vérifier.",A-avril_2011_apres-D08
A233,avril_2011_apres_bionic,bionic_lmstudio_non_reverifie,"Il aurait dormi dans un hôtel de La Seyne-sur-Mer dans la nuit du 13 au 14 avril 2011, avant de revenir sur ses pas vers Roquebrune-sur-Argens.",RECONSTRUCTION_ENQUETE,Nice-Matin ; Le Parisien (cité par un média local),2011-04-13,La Seyne-sur-Mer (Var),S217,1,moyenne,False,,,Étape la moins documentée de l'itinéraire dans les sources ouvertes ici. À confirmer.,A-avril_2011_apres-D09
A234,avril_2011_apres_bionic,bionic_lmstudio_non_reverifie,"Le 14 avril 2011, il a retiré 30 euros à un distributeur automatique de billets de Roquebrune-sur-Argens ; le soir, il a dormi à l'hôtel Formule 1 de la commune, où il a été enregistré par une caméra de vidéosurveillance.",FAIT_DOCUMENTE,Le Télégramme ; Nice-Matin ; Wikipédia,2011-04-14,Roquebrune-sur-Argens (Var),S216; S217; S030; S056,4,faible,True,,,L'image du retrait au distributeur est celle qui a servi à la diffusion publique du visage.,A-avril_2011_apres-D10
A235,avril_2011_apres_bionic,bionic_lmstudio_non_reverifie,"Le 14 avril 2011 à 20 h 32, il a envoyé un courriel depuis son ordinateur portable à un ami, en se faisant passer pour la DEA, évoquant le « nettoyage final » des moyens de communication de la famille.",FAIT_DOCUMENTE,"Nice-Matin, citant les révélations du magazine Society",2011-04-14,Roquebrune-sur-Argens (Var),S217,1,moyenne,True,,,"Citation limitée volontairement. La source d'origine est Society (2020), non consultée.",A-avril_2011_apres-D11
A236,avril_2011_apres_bionic,bionic_lmstudio_non_reverifie,"Le 15 avril 2011 à 16 h 10, il quitte à pied le parking de l'hôtel Formule 1 de Roquebrune-sur-Argens, filmé par la vidéosurveillance, en abandonnant sur place son véhicule, une Citroën C5.",FAIT_DOCUMENTE,Nice-Matin ; Le Télégramme ; Le Parisien ; Wikipédia,2011-04-15,Roquebrune-sur-Argens (Var),S217; S216; S056; S030,4,faible,True,,,Dernier point vérifié de la chronologie. Aucun élément postérieur n'est documenté par une source ouverte.,A-avril_2011_apres-D12
A237,avril_2011_apres_bionic,bionic_lmstudio_non_reverifie,"Ce qu'il emportait en quittant l'hôtel fait l'objet de descriptions divergentes : une large pochette ou housse de costume selon Nice-Matin, un sac à dos selon Le Télégramme.",FAIT_DOCUMENTE,Nice-Matin / Le Télégramme,2011-04-15,Roquebrune-sur-Argens (Var),S217; S216,2,moyenne,True,,,"Divergence de description, pas d'incompatibilité absolue. Nice-Matin avance en outre une hypothèse (l'arme dissimulée dans la housse) présentée comme telle par le journal, non comme un fait.",A-avril_2011_apres-D13
A238,avril_2011_apres_bionic,bionic_lmstudio_non_reverifie,Son ordinateur portable et son téléphone mobile n'ont jamais été retrouvés.,FAIT_DOCUMENTE,Nice-Matin,2011,France,S217,1,moyenne,True,,,"Élément concret pour l'analyse du sort (ressources, preuves potentielles).",A-avril_2011_apres-D14
A239,avril_2011_apres_bionic,bionic_lmstudio_non_reverifie,"Le véhicule abandonné a été repéré sur le parking du Formule 1 peu après la découverte des corps : le 21 avril selon Nice-Matin, dans la nuit du 21 au 22 avril selon La Dépêche et Le Parisien.",FAIT_DOCUMENTE,Nice-Matin ; La Dépêche du Midi ; Le Parisien,2011-04-21,Roquebrune-sur-Argens (Var),S217; S219; S220,3,moyenne,True,,,Divergence de quelques heures sur la date exacte.,A-avril_2011_apres-D15
A240,avril_2011_apres_bionic,bionic_lmstudio_non_reverifie,"Le portrait public de Xavier Dupont de Ligonnès diffusé à partir du 23 avril 2011 correspond à la photographie de sa fiche d'inscription au club de tir, prise par le photographe AFP Jean-Sébastien Evrard lors d'un reportage au stand de tir.",FAIT_DOCUMENTE,AFP Making-of ; légende AFP reprise par La Libre Belgique,2011-04-23,Nantes (stand de tir),S055; S222,2,moyenne,True,,,Point de départ 11 du prompt. La page Making-of n'a livré que son premier paragraphe ; la légende AFP vue par ailleurs corrobore la datation. Le récit complet du making-of reste à obtenir.,A-avril_2011_apres-D16
A241,avril_2011_apres_bionic,bionic_lmstudio_non_reverifie,"Selon Le Monde (cité par Numerama), Xavier Dupont de Ligonnès avait fermé un compte bancaire, emporté « une petite somme susceptible de le faire vivoter quelques semaines », et coupé son téléphone portable.",RECONSTRUCTION_ENQUETE,"Le Monde du 21 juin 2011, cité par Numerama",2011-04,France,S054,1,moyenne,True,,,"Point de départ 9 : l'article du Monde lui-même n'a pas pu être ouvert, l'information passe donc par une reprise. À vérifier impérativement avant usage.",A-avril_2011_apres-D17
A242,avril_2011_avant_bionic,bionic_lmstudio_non_reverifie,Xavier Dupont de Ligonnès a commencé une initiation au tir en décembre 2010 — soit avant le décès de son père — et a obtenu sa licence de club le 2 février 2011 ; il s'entraînait régulièrement la semaine précédant le drame.,FAIT_DOCUMENTE,"20 Minutes (AFP), Le Figaro (AFP), Le Télégramme",2010-12 / 2011-04,Nantes (stand de tir),S071; S223; S216,2,faible,True,,,"Le point de départ de la pratique en décembre 2010 est constant dans les sources, et antérieur au décès du père (janvier ou février 2011 selon les sources).",A-avril_2011_avant-D01
A243,avril_2011_avant_bionic,bionic_lmstudio_non_reverifie,"Au stand, il utilisait un pistolet de calibre 22 long rifle — le même calibre que celui relevé par la police sur les victimes — et a apporté courant février une carabine du même calibre, en évoquant l'ajout d'un silencieux ; un moniteur dit l'avoir vu tirer une fois avec une carabine équipée d'un silencieux.",FAIT_DOCUMENTE,"Benoît Hérault (moniteur du stand) et Alain Neutre, cités par 20 Minutes",2011-02 / 2011-04,"Stand de tir, Nantes",S071,1,moyenne,True,,,"Témoignages directs de deux hommes du stand. Le détail balistique est réduit ici au minimum : calibre et équipement, sans description des effets.",A-avril_2011_avant-D02
A244,avril_2011_avant_bionic,bionic_lmstudio_non_reverifie,"La carabine héritée de son père est décrite comme une Unique X-51bis, classée en quatrième catégorie, équipée d'un chargeur de dix balles et munie d'un silencieux.",FAIT_DOCUMENTE,Le Parisien,2011,Nantes,S072,1,moyenne,True,,,Détail technique issu d'une seule source ouverte pour ce relevé ; les mentions de chargeur varient selon les récits (voir contradictions ailleurs si nécessaire).,A-avril_2011_avant-D03
A245,avril_2011_avant_bionic,bionic_lmstudio_non_reverifie,"Un armurier de la région nantaise se souvient qu'un homme s'est présenté chez lui comme « prêtre tireur d'élite » et a demandé comment acquérir une arme de poing ; faute d'autorisation administrative, il est reparti sans arme, et le commerçant l'a pris pour un mythomane.",TEMOIGNAGE_RAPPORTE,"Le patron de l'armurerie, cité par Le Parisien",2011-03,Région nantaise,S072,1,moyenne,True,,,"Témoignage unique, publié quatre jours après la découverte des corps. Point de départ 6 du prompt.",A-avril_2011_avant-D04
A246,avril_2011_avant_bionic,bionic_lmstudio_non_reverifie,"Les achats documentés s'échelonnent sur les premiers jours d'avril : une bêche et une houe le 1er avril, puis quatre sacs de 10 kg de chaux le 2 avril, dans plusieurs magasins ; un silencieux et des cartouches de carabine avaient été achetés le 12 mars dans une armurerie de Nantes.",FAIT_DOCUMENTE,Le Parisien (2026) ; Le Télégramme ; Ouest-France via Wikipédia,2011-03-12 / 2011-04-02,Nantes et agglomération,S056; S216,2,faible,True,,,"Volontairement limité aux dates et aux catégories d'objets, sans aucune indication d'usage. D'autres achats (ciment, sacs-poubelle, toile de jute, ruban adhésif, produit désincrustant) sont mentionnés par des récits magazine — Paris Match — et n'ont pas été confirmés par une source judiciaire ouverte.",A-avril_2011_avant-D05
A247,avril_2011_avant_bionic,bionic_lmstudio_non_reverifie,"Le 9 avril, Xavier Dupont de Ligonnès a prévenu le stand de tir que ses fils ne pourraient pas venir au rendez-vous prévu, sans donner de raison.",FAIT_DOCUMENTE,"Benoît Hérault, moniteur, cité par 20 Minutes",2011-04,"Stand de tir, Nantes",S071,1,faible,False,,,Détail souvent cité comme signe de préméditation ; il n'établit rien par lui-même.,A-avril_2011_avant-D06
A248,avril_2011_avant_bionic,bionic_lmstudio_non_reverifie,"Le directeur du collège-lycée Perverie-Sacré-Cœur, où étaient scolarisés Benoît (13 ans) et Anne (16 ans), a indiqué avoir été averti de leur absence le 4 avril pour motif de maladie, puis avoir appris leur déscolarisation le 11 avril par un courrier évoquant une mutation.",FAIT_DOCUMENTE,"Directeur de l'établissement, cité par 20 Minutes",2011-04-04 / 2011-04-11,Nantes,S073; S056,2,faible,True,,,"Les deux responsables d'établissement ont précisé n'avoir jamais rencontré Xavier Dupont de Ligonnès, seulement son épouse. Point de départ 7 du prompt.",A-avril_2011_avant-D07
A249,avril_2011_avant_bionic,bionic_lmstudio_non_reverifie,"La date retenue par l'enquête pour les meurtres d'Agnès et de trois de ses enfants est la nuit du 3 au 4 avril 2011, présentée comme « date probable » par le procureur de Nantes.",RECONSTRUCTION_ENQUETE,"Parquet de Nantes, repris par Le Télégramme et Le Parisien",2011-04-03,Nantes,S216; S056,2,moyenne,True,,,À formuler impérativement comme reconstruction : la datation n'est pas certaine au jour près.,A-avril_2011_avant-D08
A250,avril_2011_avant_bionic,bionic_lmstudio_non_reverifie,"Le procureur de Nantes a indiqué que la date exacte des décès ne pouvait être déterminée « au jour près » par les légistes, et des témoins du voisinage disent avoir aperçu Agnès Dupont de Ligonnès devant son domicile le 5 avril vers 12 h 15–12 h 30, puis le 7 avril.",TEMOIGNAGE_RAPPORTE,"Parquet de Nantes ; témoins du voisinage cités par RTL, repris par Wikipédia",2011-04-04 / 2011-04-07,"Nantes, boulevard Robert-Schuman",S030,1,forte,True,,,"Élément central pour toute reconstitution : il interdit d'affirmer la date du décès d'Agnès comme un fait. Source de premier rang à retrouver (RTL 2011, reportage Envoyé spécial du 24 octobre 2013).",A-avril_2011_avant-D09
A251,avril_2011_avant_bionic,bionic_lmstudio_non_reverifie,"Thomas, 18 ans, étudiant en musicologie à Angers, a été appelé par son père et est rentré à Nantes ; ils ont dîné ensemble au restaurant, et le jeune homme est reparti avec lui avant d'être tué dans la nuit qui a suivi.",RECONSTRUCTION_ENQUETE,"Reconstitution d'enquête, reprise par Le Parisien et Le Télégramme",2011-04-04 ou 2011-04-05,Angers / Nantes,S056; S216; S224,3,moyenne,True,,,La date du dîner diverge selon les sources : voir la contradiction dédiée. Le mobile de l'appel rapporté est un prétexte (accident de la mère).,A-avril_2011_avant-D10
A252,avril_2011_avant_bionic,bionic_lmstudio_non_reverifie,"Le dernier dîner avec Thomas est situé par une source encyclopédique au restaurant gastronomique « Le Cavier / La Croix Cadeau », à Avrillé, en périphérie d'Angers.",RECONSTRUCTION_ENQUETE,"Wikipédia, citant un flash du Figaro du 28 avril 2011 (non ouvert)",2011-04,Avrillé (Maine-et-Loire),S030,1,forte,False,,,À vérifier sur une source de presse ouverte : la source d'origine (Le Figaro) n'a pas pu être consultée.,A-avril_2011_avant-D11
A253,avril_2011_avant_bionic,bionic_lmstudio_non_reverifie,"Le 3 avril 2011, dernier repas connu du couple avec trois de ses enfants dans un restaurant de la périphérie de Nantes.",FAIT_DOCUMENTE,Le Télégramme ; Le Monde (« Le dernier repas des Ligonnès »),2011-04-03,Périphérie de Nantes,S216; S083,2,moyenne,False,,,Le contenu de l'article du Monde n'a pas pu être lu (payant) : l'information repose ici sur Le Télégramme.,A-avril_2011_avant-D12
A254,hypotheses_sort_bionic,bionic_lmstudio_non_reverifie,"Bruno de Stabenrath, ami d'adolescence et auteur de « L'Ami impossible », se dit convaincu que Xavier Dupont de Ligonnès est vivant : selon lui, il était polyglotte, savait modifier son apparence et était capable de se construire un nouvel environnement à l'étranger ; il juge qu'il « n'a pas préparé tout ça pour mourir ».",HYPOTHESE,"Bruno de Stabenrath, ami du fugitif (entretien à 20 Minutes, 2021)",2021-04,France,S226,1,forte,True,,,"Point de départ 1 du prompt. Bien séparer, dans l'entretien, les souvenirs vérifiables (jeunesse, contacts) de la conviction personnelle sur une survie. Stabenrath mentionne par ailleurs avoir vu dans des rapports de police que six téléphones avaient été retrouvés chez la sœur et la mère — élément non confirmé par une autre source ouverte.",A-hypotheses_sort-D01
A255,hypotheses_sort_bionic,bionic_lmstudio_non_reverifie,"Brigitte Lamy, alors procureure de la République de Nantes, estimait que Xavier Dupont de Ligonnès s'était suicidé : « c'est une conviction mais on en sera sûr le jour où on découvrira son corps ».",HYPOTHESE,"Brigitte Lamy, procureure de la République de Nantes (2013)",2013-04,Nantes,S216,1,moyenne,True,,,Magistrate en fonction : distinguer la conviction personnelle qu'elle exprime de la position judiciaire du parquet.,A-hypotheses_sort-D02
A256,hypotheses_sort_bionic,bionic_lmstudio_non_reverifie,"En septembre 2011, le procureur de la République de Nantes déclarait que le suicide était l'hypothèse « la plus probable », tout en rappelant qu'il y avait « toujours eu deux hypothèses : un suicide quelques jours après ou une fuite particulièrement bien préparée ».",FAIT_DOCUMENTE,"Parquet de Nantes, rapporté par Le Monde (3 septembre 2011)",2011-09-03,Nantes,S227,2,faible,True,,,Le Point du même jour traite du même sujet mais n'a pas pu être ouvert : la formulation retenue est celle du Monde. La mention « deux hypothèses » est essentielle : elle interdit de présenter le parquet comme ayant tranché.,A-hypotheses_sort-D03
A257,hypotheses_sort_bionic,bionic_lmstudio_non_reverifie,"Jean-Paul Le Tensorer, ancien directeur interrégional ouest de la police judiciaire, s'est dit convaincu en 2019 que Xavier Dupont de Ligonnès avait mis fin à ses jours : il décrit un homme acculé par une situation financière et patrimoniale intenable et souligne le coût qu'impliquerait un changement d'identité durable.",HYPOTHESE,"Jean-Paul Le Tensorer, ancien directeur interrégional ouest de la PJ (2019)",2019,France,S030,1,moyenne,True,,,Attribution reconstituée depuis une source encyclopédique qui cite la presse : à retrouver à la source avant diffusion.,A-hypotheses_sort-D04
A258,hypotheses_sort_bionic,bionic_lmstudio_non_reverifie,"Gilles Galloux, ancien enquêteur ayant participé à la traque en 2011, défend dans un livre paru en février 2026 la thèse d'une fuite aux États-Unis rendue possible par de faux papiers obtenus dans le Var, et estime que la dernière apparition relevait d'une mise en scène.",HYPOTHESE,"Gilles Galloux, ancien enquêteur (livre, février 2026)",2026-02,France / États-Unis,S030; S230,2,moyenne,True,,,Le livre n'a pas été lu : la thèse est rapportée d'après des comptes rendus de presse et une notice encyclopédique. C'est aussi l'origine revendiquée de l'appel à informations texan de mars 2026.,A-hypotheses_sort-D05
A259,hypotheses_sort_bionic,bionic_lmstudio_non_reverifie,"Anne-Sophie Martin, journaliste et auteur du livre « Le Disparu », se dit sûre qu'il s'agit d'une « disparition orchestrée, organisée, anticipée », mais ne croit pas à la thèse d'une fuite vers les États-Unis.",HYPOTHESE,"Anne-Sophie Martin, journaliste (RTL, 2 juin 2026)",2026-06-02,France,S152,1,forte,True,,,Position intermédiaire utile pour la série : elle récuse le suicide sans adhérer à la piste américaine. Le livre n'a pas été lu.,A-hypotheses_sort-D06
A260,hypotheses_sort_bionic,bionic_lmstudio_non_reverifie,"Le beau-frère de Xavier Dupont de Ligonnès, frère d'Agnès, s'est dit en avril 2026 persuadé de sa culpabilité et l'a appelé à se rendre, exprimant le souhait que l'affaire se referme pour qu'il puisse faire son deuil.",TEMOIGNAGE_RAPPORTE,"Guillaume Habbas Hodanger, frère d'Agnès (La Dépêche / RTL, avril 2026)",2026-04-11,France,S229; S231,2,faible,True,,,"Position de la famille d'Agnès, à distinguer nettement des positions de la famille de Xavier. Les deux médias écrivent son nom avec des variantes : à vérifier avant toute mention écrite.",A-hypotheses_sort-D07
A261,hypotheses_sort_bionic,bionic_lmstudio_non_reverifie,"Christine Dupont de Ligonnès, sœur du suspect, soutient depuis 2024 la thèse d'un exil aux États-Unis et affirme que les corps retrouvés sous la terrasse ne sont pas ceux de sa belle-sœur et de ses neveux ; ces affirmations sont contestées par la famille d'Agnès et qualifiées d'infondées par divers journalistes et par le parquet.",HYPOTHESE,"Christine Dupont de Ligonnès (livre, mars 2024) ; réserves exprimées par la famille d'Agnès et par le parquet de Nantes",2024-03,France,S030; S056,2,forte,False,,,"Thèse rejetée par les parties civiles et par la justice. À traiter comme une position publique, jamais comme un élément de dossier.",A-hypotheses_sort-D08
A262,hypotheses_sort_bionic,bionic_lmstudio_non_reverifie,"Éléments matériels disponibles publiquement : son ordinateur portable et son téléphone mobile n'ont jamais été retrouvés ; selon Le Monde, il avait fermé un compte bancaire, emporté « une petite somme susceptible de le faire vivoter quelques semaines » et coupé son téléphone portable.",FAIT_DOCUMENTE,Nice-Matin ; Le Monde (21 juin 2011) via Numerama,2011-04,France,S217; S054,2,moyenne,True,,,"Ces éléments alimentent l'argumentaire des deux camps : ressources limitées pour l'un, préparation méthodique pour l'autre. L'article du Monde n'a pas été ouvert directement.",A-hypotheses_sort-D09
A263,hypotheses_sort_bionic,bionic_lmstudio_non_reverifie,"Les recherches menées autour de Roquebrune-sur-Argens ont été limitées par le terrain : fouilles de cavités naturelles par des spéléologues en juin 2011, recherche de plongeurs dans les étangs et les bois, explorations dans le massif du rocher de Roquebrune, sans résultat ; les enquêteurs ont également exploré sans succès plusieurs abbayes.",FAIT_DOCUMENTE,Nice-Matin ; Le Parisien ; La Provence,2011-2013,Var et régions voisines,S217; S056; S221,3,faible,True,,,"Le caractère non exhaustif de ces recherches est un argument central du débat : à exposer comme tel, sans conclure.",A-hypotheses_sort-D10
A264,hypotheses_sort_bionic,bionic_lmstudio_non_reverifie,"Le débat public est alimenté par un flux continu de signalements, tous vérifiés sans résultat : plus de 700 en 2013, plus de 900 en 2020, plus de 1 750 en 2024 ; le parquet rappelait encore en juin 2026 que les informations reçues sont vérifiées « jusqu'ici sans succès ».",FAIT_DOCUMENTE,Parquet de Nantes ; décomptes de presse,2013-2026,France et étranger,S216; S217; S056,3,moyenne,False,,,"Chiffres à des dates différentes, périmètres de comptage possiblement variables : toujours donner le chiffre avec son année.",A-hypotheses_sort-D11
A265,pistes_2020_2026_bionic,bionic_lmstudio_non_reverifie,L'ADN prélevé après le signalement du Doubs (mars 2024) a été comparé à celui de Xavier Dupont de Ligonnès : les deux profils ne correspondent pas.,FAIT_DOCUMENTE,"Parquet de Nantes, procureur de la République Renaud Gaudeul",2024-04-15,Nantes / Montferrand-le-Château (Doubs),S185; S232; S233,2,faible,True,,,Dépêche AFP reprise massivement ; les citations sont identiques d'un média à l'autre (origine AFP).,A-pistes_2020_2026-D01
A266,pistes_2020_2026_bionic,bionic_lmstudio_non_reverifie,"Le signalement du Doubs repose sur une personne ayant cru reconnaître le fugitif le 9 mars 2024 lors d'une veillée des sœurs de Béthanie à Montferrand-le-Château, puis sur deux autres témoignages similaires ; l'homme, se présentant comme « Jean », serait reparti le 11 mars au matin.",TEMOIGNAGE_RAPPORTE,Parquet de Besançon (procureur Étienne Manteaux) et dépêche AFP,2024-03-09,Montferrand-le-Château (Doubs),S232; S233,2,moyenne,True,,,Un gobelet / des canettes ont été prélevés pour analyse. Aucune autre personne n'a corroboré le témoignage initial selon le parquet de Besançon.,A-pistes_2020_2026-D02
A267,pistes_2020_2026_bionic,bionic_lmstudio_non_reverifie,"Le bureau du shérif du comté de Brewster (Texas) a publié le 25 mars 2026 un appel à informations sur Xavier Dupont de Ligonnès, avec des photographies vieilles d'environ quinze ans, en indiquant qu'il aurait « possiblement été vu en 2020 » dans le comté, accompagné d'un labrador noir.",FAIT_DOCUMENTE,Brewster County Sheriff's Office,2026-03-25,"Comté de Brewster, Texas (États-Unis)",S051; S234; S235,2,faible,True,,,"Publication faite sur la page Facebook du bureau du shérif, puis relayée par des médias français et internationaux.",A-pistes_2020_2026-D03
A268,pistes_2020_2026_bionic,bionic_lmstudio_non_reverifie,"Le shérif du comté de Brewster a précisé qu'aucune observation de Xavier Dupont de Ligonnès n'a été confirmée dans le comté ni dans l'ouest du Texas, et qu'il n'y avait, à ce stade, aucun nouvel élément ni information nouvelle.",FAIT_DOCUMENTE,Brewster County Sheriff's Office,2026-03-26,"Comté de Brewster, Texas",S051,1,faible,True,,,"Mise à jour publiée par le bureau du shérif lui-même, reprise mot pour mot par le média local.",A-pistes_2020_2026-D04
A269,pistes_2020_2026_bionic,bionic_lmstudio_non_reverifie,"Le procureur de la République de Nantes, Antoine Leroy, a déclaré que ni lui ni les enquêteurs n'avaient été informés de cet appel à témoins d'un service de police texan.",FAIT_DOCUMENTE,"Antoine Leroy, procureur de la République de Nantes",2026-03-26,Nantes,S234; S242,2,faible,True,,,Même déclaration reprise par franceinfo et par ICI (Radio France).,A-pistes_2020_2026-D05
A270,pistes_2020_2026_bionic,bionic_lmstudio_non_reverifie,"L'appel à informations texan a été déclenché par la sollicitation du shérif par une équipe journalistique d'investigation incluant un ancien enquêteur du dossier, Gilles Galloux, auteur d'un livre paru en février 2026 ; Xavier Dupont de Ligonnès aurait déclaré par le passé que le comté de Brewster était l'un de ses endroits préférés.",RECONSTRUCTION_ENQUETE,Brewster County Sheriff's Office ; Gilles Galloux ; presse,2026-03-23,Texas / France,S051; S234; S236,2,moyenne,False,,,L'origine « favorite place » est rapportée par le shérif sur la base de l'entretien avec l'équipe journalistique ; elle n'est pas documentée par une source judiciaire.,A-pistes_2020_2026-D06
A271,pistes_2020_2026_bionic,bionic_lmstudio_non_reverifie,"L'émission « Appel à témoins », présentée par Julien Courbet, a été diffusée sur M6 le mardi 2 juin 2026 en première partie de soirée et était consacrée en partie à l'affaire Dupont de Ligonnès.",FAIT_DOCUMENTE,M6,2026-06-02,France,S201; S237,2,faible,True,,,Nom de l'émission et du présentateur corroborés par plusieurs médias.,A-pistes_2020_2026-D07
A272,pistes_2020_2026_bionic,bionic_lmstudio_non_reverifie,"En direct, un homme se présentant comme un prêtre a affirmé avoir recueilli en 2022, au monastère de Plavilla (Aude), la confession de Xavier Dupont de Ligonnès, qui serait resté quatre jours et lui aurait dit vouloir rejoindre Grasse ; il affirmait avoir été autorisé par l'évêque de Carcassonne à rompre le secret de la confession et détenir une photographie et un numéro de téléphone.",TEMOIGNAGE_RAPPORTE,L'appelant lui-même (identité publique non établie),2026-06-02,Plavilla (Aude) — faits allégués en 2022,S201; S237; S246,3,forte,True,,,Témoignage ensuite reconnu faux par son auteur ; la photographie annoncée n'a pas été montrée à l'antenne. Ne pas présenter comme un élément de preuve.,A-pistes_2020_2026-D08
A273,pistes_2020_2026_bionic,bionic_lmstudio_non_reverifie,"Mgr Bruno Valentin, évêque de Carcassonne et Narbonne, a démenti le témoignage dès le 3 juin 2026, qualifiant la séquence de mensongère et diffamatoire, indiquant n'avoir été contacté ni par l'appelant ni par M6, et a annoncé avoir saisi l'Arcom.",FAIT_DOCUMENTE,"Mgr Bruno Valentin, évêque de Carcassonne et Narbonne",2026-06-03,Carcassonne / Plavilla (Aude),S239; S240; S201,3,faible,True,,,Le démenti inclut l'absence de tout « Frère Marc » dans le monastère cité (mention rapportée par cath.ch).,A-pistes_2020_2026-D09
A274,pistes_2020_2026_bionic,bionic_lmstudio_non_reverifie,"L'appelant a reconnu, dans la nuit du 2 au 3 juin 2026, auprès du rédacteur en chef de l'émission, qu'il n'était pas prêtre.",FAIT_DOCUMENTE,"M6 / Stan Vignon, rédacteur en chef d'« Appel à témoins »",2026-06-03,France,S201; S237,2,faible,True,,,L'aveu est rapporté par la chaîne et par le rédacteur en chef ; l'identité de l'homme n'est pas rendue publique.,A-pistes_2020_2026-D10
A275,pistes_2020_2026_bionic,bionic_lmstudio_non_reverifie,"M6 a présenté « sans réserve » ses excuses à Mgr Valentin et a reconnu qu'il s'agissait d'un faux témoignage, après une enquête interne lancée le soir même.",FAIT_DOCUMENTE,M6 (communiqué),2026-06-03,France,S201; S238,2,faible,True,,,Communiqué cité quasi mot pour mot d'un média à l'autre.,A-pistes_2020_2026-D11
A276,pistes_2020_2026_bionic,bionic_lmstudio_non_reverifie,Le président de l'Arcom a indiqué que le régulateur allait « se pencher sur la séquence » diffusée par M6 afin de déterminer dans quelle mesure la chaîne a manqué à ses obligations.,FAIT_DOCUMENTE,"Martin Ajdari, président de l'Arcom",2026-06-04,France,S240,2,faible,True,,,Déclaration faite sur ICI Provence ; reprise par franceinfo et Radio France. Aucune décision n'en est encore publiée à la date de consultation.,A-pistes_2020_2026-D12
A277,pistes_2020_2026_bionic,bionic_lmstudio_non_reverifie,"Au 1er octobre 2026, aucune décision de l'Arcom relative à la séquence du 2 juin 2026 n'apparaît dans la liste publique des décisions du régulateur, dont la plus récente est datée du 24 septembre 2026.",FAIT_DOCUMENTE,"Constat de consultation, site de l'Arcom",2026-10-01,France,S247,1,moyenne,False,,,"Constat négatif : il ne prouve pas l'absence de procédure interne (mise en demeure, intervention, courrier non publié). Absence de décision publiée ≠ absence d'examen.",A-pistes_2020_2026-D13
A278,pistes_2020_2026_bionic,bionic_lmstudio_non_reverifie,"Le procureur de Nantes a annoncé le 3 juin 2026 que le juge d'instruction saisi ferait procéder par les enquêteurs aux vérifications nécessaires, à la fois sur le compte « Epsilon » et sur les informations diffusées la veille sur M6.",FAIT_DOCUMENTE,"Antoine Leroy, procureur de la République de Nantes",2026-06-03,Nantes,S243; S245; S194,3,faible,True,,,Communiqué de presse du parquet ; le contenu précis des vérifications demandées n'est pas public.,A-pistes_2020_2026-D14
A279,pistes_2020_2026_bionic,bionic_lmstudio_non_reverifie,"Un compte « Epsilon » a existé sur le forum cite-catholique.org : créé le 2 juillet 2010, environ 1 169 messages, actif jusqu'en 2017 (août 2017 selon le parquet), présentant des similitudes de style avec les comptes « Chevy » et « LIGO » attribués à Xavier Dupont de Ligonnès avant avril 2011.",FAIT_DOCUMENTE,Ouest-France (enquête OSINT) ; reprise par Le Parisien ; éléments repris par le parquet de Nantes,2010-2017,Forum cite-catholique.org,S244; S193; S243,2,moyenne,True,,,L'existence et les caractéristiques du compte sont documentées ; son attribution à Xavier Dupont de Ligonnès ne l'est pas.,A-pistes_2020_2026-D15
A280,pistes_2020_2026_bionic,bionic_lmstudio_non_reverifie,"Un expert en stylométrie sollicité par Ouest-France, Claude Alain Roten, estime que « la piste est sérieuse », sans que l'attribution du compte « Epsilon » à Xavier Dupont de Ligonnès soit établie.",HYPOTHESE,"Claude Alain Roten, expert en stylométrie (via Ouest-France)",2026-06-01,France,S193; S244; S243,2,forte,True,,,"La stylométrie est une méthode d'aide, non une preuve d'identité. Le parquet lui-même se contente d'annoncer des vérifications.",A-pistes_2020_2026-D16
A281,pistes_2020_2026_bionic,bionic_lmstudio_non_reverifie,"Selon Ouest-France, des enquêteurs spécialisés examineraient déjà l'adresse IP et les messages du compte « Epsilon », actif entre 2010 et 2017.",RECONSTRUCTION_ENQUETE,Ouest-France (source non nommée),2026-06-03,France,S245; S194,2,moyenne,True,,,Formulé au conditionnel par le média ; non confirmé par une communication du parquet.,A-pistes_2020_2026-D17
A282,pistes_2020_2026_bionic,bionic_lmstudio_non_reverifie,"Le parquet de Nantes rappelle que les très nombreuses informations reçues depuis 2011 ont toutes été vérifiées « jusqu'ici sans succès », et que l'enquête n'a pas permis de déterminer si Xavier Dupont de Ligonnès était mort ou en fuite.",FAIT_DOCUMENTE,"Antoine Leroy, procureur de la République de Nantes ; franceinfo",2026-06-03,Nantes,S242; S243; S234,3,faible,True,,,Formule employée de manière récurrente par le parquet à chaque nouvelle piste.,A-pistes_2020_2026-D18
A283,pistes_2020_2026_bionic,bionic_lmstudio_non_reverifie,Le nombre de signalements recensés est d'environ 1 750 au printemps 2024 et supérieur à 1 850 en juin 2026.,FAIT_DOCUMENTE,"Parquet de Nantes (1 750, repris par l'AFP) ; Le Parisien (plus de 1 850)",2024-03 / 2026-06,France et étranger,S193; S234,2,moyenne,False,,,Chiffres à des dates différentes ; la progression est cohérente mais les périmètres de comptage peuvent différer.,A-pistes_2020_2026-D19
A284,pistes_2020_2026_bionic,bionic_lmstudio_non_reverifie,"Entre juillet et septembre 2026, aucune évolution d'enquête publique majeure (conclusion sur « Epsilon », décision de l'Arcom, procédure contre l'auteur du faux témoignage) n'a été identifiée ; la période est marquée par des reprises médiatiques, dont un récit du Nouvel Obs le 29 juillet 2026 et un numéro de « 13h15 le dimanche » le 5 juillet 2026.",RECONSTRUCTION_ENQUETE,Constat de recherche du 2026-10-01,2026-07-01 / 2026-09-30,France,S248; S249; S247,2,moyenne,True,,,"Constat négatif issu de plusieurs requêtes ciblées (« juillet 2026 », « août 2026 », « septembre 2026 », « Epsilon conclusions »). À ne pas présenter comme une preuve d'absence.",A-pistes_2020_2026-D20
A285,pistes_2020_2026_bionic,bionic_lmstudio_non_reverifie,"Geneviève Maître, mère de Xavier Dupont de Ligonnès, est décédée en mars 2026, à l'âge de 96 ans.",FAIT_DOCUMENTE,La Dépêche du Midi (titre) ; mention biographique reprise par Wikipédia,2026-03,France,S250,1,moyenne,False,,,Seul le titre de l'article a été vu. Date exacte du décès non établie ; à confirmer avant toute utilisation à l'antenne.,A-pistes_2020_2026-D21
